"X1","X2","X3","X4","X5","X6","X7","X8","X9","X10","X11","X12","X13","X14","X15","X16","X17","X18","X19","X20","X21","X22","X23","X24","X25","X26","X27","X28","X29","X30","X31","X32","X33","X34","X35","X36","A","Y","event","id"
2,1,0.845701195765287,6,1,0.129318221239373,1,1,0.679021838819608,6,1,0.696209402987733,6,1,0.457354831509292,6,0,0.493577106622979,4,0,0.362923019798473,6,1,0.376572330715135,6,0,0.984172648983076,1,0,0.0997828138060868,4,0,0.30704154074192,6,0,0.284215438412502,0.501013244502246,0.842797471373441,1,1
6,0,0.0437571695074439,5,1,0.196889514336362,2,1,0.0970555525273085,6,0,0.716897794511169,2,1,0.895612603751943,1,1,0.115528051974252,3,1,0.973897200776264,3,0,0.139661330962554,5,1,0.762724732747301,4,0,0.918184146750718,2,1,0.220172598259524,2,0,0.897119259461761,0.67452562507242,0.860464750633886,0,2
3,0,0.728324815863743,1,0,0.395639958791435,1,0,0.125434576533735,1,1,0.068309388589114,1,1,0.954848217312247,4,1,0.361520271049812,6,0,0.0285111565608531,4,0,0.467074306681752,3,0,0.4966734230984,4,0,0.451282061403617,3,0,0.616921308916062,6,1,0.941359610529616,7.43068638257682,8.31627328957742,0,3
1,0,0.299191213212907,1,0,0.468912878539413,1,1,0.263745335862041,5,1,0.628628260456026,3,0,0.213981916895136,6,1,0.000436486443504691,3,0,0.767053875140846,3,1,0.222435753792524,1,0,0.185617710929364,4,0,0.648798490641639,1,1,0.785151573363692,1,0,0.686645785812289,0.638709519989789,2.10508376677362,1,4
2,1,0.257684190059081,2,0,0.678304572822526,1,0,0.799191418802366,1,0,0.631722023710608,1,1,0.865026021841913,1,0,0.366836911533028,6,0,0.492839330108836,5,0,0.501297208014876,1,0,0.424091652035713,2,0,0.0985399910714477,2,1,0.0852041472680867,5,0,0.918995378771797,2.28469993453473,2.93125095710222,0,5
6,1,0.980479960795492,1,1,0.211576665751636,2,0,0.9533696831204,4,1,0.408610711805522,4,0,0.0608174509834498,6,1,0.349487828789279,6,1,0.286911527859047,1,1,0.596414935775101,6,1,0.773093648254871,2,1,0.0459148897789419,2,1,0.287027242127806,1,0,0.666376570472494,0.358623452484608,0.674397566838808,1,6
4,0,0.865344444522634,6,0,0.555004208348691,4,1,0.118056984152645,1,0,0.41434601508081,4,0,0.507645558100194,1,0,0.219249465037137,3,1,0.59842488123104,1,0,0.696330836741254,6,1,0.0257248866837472,6,0,0.228620606008917,1,1,0.562247732654214,2,1,0.380916743306443,6.0311850393191,6.38953449302499,1,7
6,1,0.664117997512221,2,0,0.801390326581895,5,1,0.545994531130418,3,1,0.635445487918332,4,1,0.799043662613258,1,1,0.983569753123447,1,1,0.792424261569977,3,1,0.757650842657313,4,1,0.935611231718212,5,0,0.920271882554516,5,1,0.599292071536183,3,0,0.55595636041835,0.261198147200048,0.504453116468773,1,8
6,0,0.868872760329396,4,1,0.322363700950518,1,0,0.80107111367397,2,1,0.663758953101933,3,1,0.322200074093416,2,1,0.0221626607235521,1,0,0.183910880004987,1,1,0.0153939449228346,5,1,0.573981237364933,5,0,0.254034086596221,6,0,0.93455652333796,6,0,0.488980482099578,8.22127854917198,8.63402610072299,0,9
4,1,0.843406124273315,6,1,0.170387197984383,6,1,0.614301449153572,6,0,0.142871279502288,2,1,0.678292337572202,3,0,0.868135503493249,4,1,0.105205993400887,2,1,0.509483492933214,4,0,0.342272679321468,3,0,0.0584048323798925,4,0,0.352157665183768,6,0,0.115071301115677,0.336879049427807,0.69092288309891,1,10
6,0,0.966682172147557,4,0,0.253814275376499,3,0,0.126319540198892,1,1,0.501705111935735,5,1,0.665397380245849,3,0,0.375423776684329,2,1,0.474303934955969,2,0,0.180742962751538,4,1,0.323676957050338,3,1,0.212571312440559,5,0,0.262189716100693,3,1,0.599940196145326,5.38457639049739,6.19868405806158,1,11
2,1,0.913265561219305,3,1,0.075992924394086,2,1,0.230749226408079,1,0,0.177032401552424,5,0,0.218054683646187,1,1,0.986521562561393,5,0,0.858962302096188,3,0,0.485433221794665,4,1,0.520245648222044,2,0,0.985954424832016,2,0,0.106089394073933,1,1,0.8648690902628,0.314499600790441,0.557170903936566,1,12
3,0,0.283607087098062,4,1,0.405162196606398,3,1,0.693017714656889,1,1,0.882849350338802,1,1,0.88815324450843,3,1,0.28173862118274,2,0,0.755974048282951,4,1,0.0511219229083508,3,0,0.0192094261292368,4,0,0.577208216534927,5,0,0.955963098909706,3,0,0.959862865740433,0.0589018454775214,1.48443782581642,0,13
2,1,0.457809080369771,2,0,0.196216810727492,6,0,0.372274444438517,4,0,0.834321483969688,2,1,0.475068245083094,3,0,0.727938078111038,3,0,0.0375277942512184,1,1,0.338588167214766,3,1,0.45804950571619,4,1,0.514604891184717,4,1,0.66008125199005,5,1,0.270794745068997,0.0172773143276572,1.17106672800022,1,14
5,0,0.868902712129056,3,0,0.335161338793114,4,0,0.942064463626593,1,0,0.471985829295591,1,0,0.685638571158051,5,1,0.659417334012687,3,0,0.164443915709853,5,0,0.918969481484964,6,1,0.428803507471457,4,0,0.77001069043763,2,1,0.908920777961612,3,0,0.271752120461315,9.19123995117843,13.4254308166986,0,15
4,0,0.516551631037146,4,0,0.34939313842915,1,0,0.0713498129043728,2,0,0.139885799726471,3,1,0.129910806659609,5,0,0.765495571773499,1,1,0.994495258899406,6,1,0.622504881117493,3,0,0.715648224111646,1,1,0.28084245393984,5,0,0.642712872941047,6,1,0.879296719795093,3.57945822179317,4.23358084187089,1,16
3,1,0.265877143479884,2,0,0.443410919746384,3,1,0.452663845848292,2,0,0.521141263423488,5,0,0.859972725622356,5,1,0.565239143790677,1,0,0.932944714324549,4,1,0.376185932895169,1,1,0.493333422578871,4,1,0.0152317516040057,6,0,0.254855366423726,4,1,0.574340491555631,2.17061827424914,3.3414641021982,0,17
3,0,0.868621321860701,3,1,0.256458312738687,3,1,0.441917387070134,1,0,0.878932921914384,2,1,0.878437388921157,1,1,0.196900384034961,6,1,0.696203543106094,4,1,0.0030858269892633,5,0,0.0995292854495347,3,0,0.786761183058843,1,0,0.0167826293036342,5,1,0.260945399058983,3.91555309761316,5.05112871294841,0,18
2,0,0.69016597350128,4,1,0.149530128808692,3,0,0.679977539926767,2,0,0.426836106926203,5,1,0.249082914553583,1,1,0.92940449854359,1,0,0.531698868609965,2,0,0.958694018656388,3,1,0.214972400804982,4,0,0.52880276972428,4,0,0.150844326475635,2,1,0.0193577841855586,8.39630817063153,10.1555852405027,0,19
1,0,0.594510346651077,5,0,0.431228864239529,6,0,0.431907535064965,2,1,0.322784137213603,2,0,0.392833126941696,6,1,0.232406094204634,4,1,0.51259278669022,3,1,0.319673687918112,1,1,0.350347731495276,2,1,0.71827398869209,6,0,0.311994027346373,3,1,0.526188225951046,2.56098341196775,2.62933422674278,1,20
2,1,0.923572383122519,6,0,0.707169879460707,3,0,0.882194896694273,3,1,0.692980708321556,2,0,0.605576026719064,3,0,0.236692758277059,6,1,0.968980903970078,4,1,0.574177084723487,3,1,0.0132578818593174,6,1,0.602011234965175,3,1,0.884451953461394,6,0,0.0991112533956766,0.228152493946254,0.680631908280126,1,21
3,0,0.149382847361267,3,1,0.429774474818259,3,1,0.699020596919581,5,0,0.342597753973678,4,1,0.931903234217316,6,0,0.446576574351639,5,0,0.0221612395253032,4,1,0.707549931714311,4,0,0.995506535982713,1,1,0.936379401478916,1,1,0.68095642933622,1,1,0.802491268143058,0.473259249702096,0.605079329106957,0,22
4,0,0.806451119482517,3,1,0.472461929079145,1,1,0.410140409134328,3,1,0.693538439227268,5,0,0.814182323636487,6,1,0.794929920230061,2,0,0.635653593810275,3,0,0.418783691246063,3,1,0.844556668307632,3,1,0.896099909674376,1,1,0.0387621242552996,2,0,0.112573686987162,1.82450830470771,1.93189668908467,0,23
4,1,0.31144602317363,2,0,0.994097140152007,1,0,0.375308063579723,4,0,0.215625960379839,1,0,0.477276195771992,5,1,0.658889743266627,2,1,0.359485395485535,1,1,0.329494757112116,2,1,0.483793603023514,3,0,0.404319938505068,4,0,0.0114882534835488,1,0,0.307724081678316,1.67316570878029,1.80955950831986,0,24
6,0,0.920874469680712,6,0,0.914788508787751,6,0,0.108355254866183,5,0,0.252130751498044,2,0,0.850690186955035,6,0,0.471742557128891,6,1,0.488820936297998,5,1,0.767654267605394,4,0,0.50526363006793,6,0,0.943350448738784,5,1,0.926462423056364,2,0,0.222898114239797,2.10751569829881,3.95313806980056,0,25
4,0,0.649581047240645,3,1,0.803843081695959,1,1,0.345764938741922,5,1,0.921807635342702,1,0,0.604076074436307,2,1,0.556638522306457,1,1,0.409322515595704,4,0,0.101595194777474,5,0,0.0197914384771138,3,0,0.86405607778579,3,0,0.947226787451655,4,0,0.0621192334219813,7.48834293335676,7.63876801279063,0,26
5,0,0.178356546210125,3,1,0.99699667096138,4,0,0.821959572611377,6,0,0.427410986507311,3,1,0.247244546888396,3,0,0.339402150828391,5,1,0.122707998612896,3,1,0.52282775240019,6,0,0.883695981232449,6,1,0.737910061609,2,0,0.764137166319415,5,0,0.361626986879855,2.61079426854849,2.76783954028035,1,27
3,1,0.44137963000685,2,0,0.570359901990741,3,0,0.418899130309001,2,1,0.342666258336976,3,1,0.44832109240815,3,0,0.510805144906044,2,1,0.519803861854598,1,0,0.624690101481974,2,0,0.993288951460272,4,0,0.606535108061507,2,1,0.35473243589513,5,0,0.395387997850776,1.05240917764604,1.61068149376661,0,28
1,0,0.754639229737222,1,0,0.34620394045487,5,1,0.988198563456535,5,1,0.289691534359008,5,0,0.111805541906506,2,1,0.874849575571716,6,0,0.552740263286978,2,1,0.991747977910563,3,0,0.375860566506162,6,1,0.185020150151104,6,1,0.875213232822716,3,0,0.306443745968863,13.849365292117,15.7388347830086,1,29
3,0,0.257692663930357,3,0,0.365344795864075,4,0,0.114880022127181,2,0,0.64532631658949,6,1,0.665573781821877,5,0,0.216348021058366,2,0,0.667043337132782,6,0,0.71285402867943,4,1,0.850946198683232,4,0,0.688317734049633,4,0,0.381938356673345,1,1,0.161451489431784,0.329339294694364,0.96388223606034,0,30
4,1,0.998937765602022,3,0,0.481981131481007,6,0,0.45700446725823,3,0,0.31134949461557,3,0,0.971203326247633,6,1,0.349215843714774,3,0,0.637515334412456,3,0,0.124082462396473,5,0,0.12989595416002,1,1,0.373665203806013,2,0,0.619845533277839,2,0,0.843262593494728,0.23904477711767,0.250170020986077,1,31
2,0,0.522450140910223,6,0,0.27168985735625,6,0,0.931359854992479,6,1,0.107452234951779,5,0,0.539182547014207,5,0,0.419036242645234,3,0,0.0969681027345359,1,0,0.0504573618527502,3,1,0.81688320892863,5,1,0.55606265203096,3,0,0.626205606386065,4,0,0.648292731959373,2.97731917817146,5.32261800291216,1,32
6,0,0.998112822184339,3,0,0.591494459658861,3,1,0.0609053538646549,3,1,0.400444219121709,4,0,0.673790493514389,3,1,0.941948786145076,2,1,0.118389324052259,6,0,0.0921864621341228,4,1,0.00207587005570531,6,1,0.921840338269249,6,1,0.697016830788925,1,0,0.171927501447499,6.01474184077233,7.22675754364509,1,33
5,1,0.402608430478722,5,1,0.293002046644688,2,1,0.576948070898652,6,1,0.185657777590677,1,1,0.492505273781717,4,0,0.484372958075255,4,1,0.894676929805428,5,1,0.655338681535795,5,0,0.194520084187388,6,1,0.872443342814222,3,1,0.707663285546005,2,1,0.238801404135302,0.519354827702045,1.3813513748449,1,34
5,0,0.584302423056215,6,1,0.824456976959482,3,0,0.929825239349157,1,1,0.905396687798202,1,1,0.640449863160029,4,1,0.248640007572249,1,0,0.482073395512998,2,1,0.920844589360058,4,0,0.59831151785329,3,0,0.683316150447354,4,1,0.595275928732008,4,1,0.268289742292836,6.47087290417403,7.46146636023157,1,35
6,0,0.891811889130622,1,1,0.402539790840819,2,0,0.646496885456145,1,1,0.575878392439336,5,0,0.306447979528457,3,1,0.696483025792986,2,1,0.959409642964602,1,1,0.177455195458606,6,1,0.86719386279583,1,0,0.433920990210027,4,0,0.0980771372560412,1,1,0.144546147203073,1.48393993731588,3.61596420865955,0,36
6,1,0.853427120717242,2,0,0.20885588764213,5,1,0.211659189779311,4,1,0.255996679654345,3,1,0.488776097074151,4,0,0.767797437263653,4,1,0.884450529469177,2,1,0.38344023283571,4,1,0.396954320836812,6,0,0.743830499937758,5,1,0.439775676233694,4,0,0.575627684127539,0.0783826690167189,0.092427713168043,1,37
5,0,0.429233127040789,3,0,0.296164959901944,3,1,0.260022551286966,2,0,0.787942818831652,3,0,0.934743371792138,6,0,0.0906110322102904,6,1,0.110354646807536,3,0,0.268203564686701,2,1,0.0797947880346328,1,0,0.243763681966811,1,0,0.343735468108207,4,1,0.414220708888024,5.86875202134252,5.90411961854746,0,38
1,0,0.278772598598152,4,1,0.374461398925632,4,0,0.792543364223093,4,1,0.40181915811263,5,1,0.188098341226578,4,1,0.0264739510603249,2,0,0.470926230307668,3,0,0.0981884156353772,4,0,0.919112324947491,1,1,0.729973431909457,2,0,0.0581641383469105,4,0,0.773792973253876,1.02350569795817,2.40130560435429,1,39
5,1,0.891857965383679,4,1,0.599570155143738,5,0,0.868235912872478,3,1,0.151668867561966,3,1,0.0528748817741871,4,0,0.212435381254181,1,0,0.729563592700288,4,1,0.892190719023347,6,0,0.689401966985315,6,1,0.0452703421469778,5,1,0.741267074132338,1,1,0.240906078834087,0.132681801915169,0.400041524773759,1,40
4,0,0.987307742703706,3,1,0.75786119280383,6,1,0.740312920184806,6,0,0.365988612174988,4,1,0.0911791364196688,5,1,0.103970885975286,2,1,0.34143106569536,2,1,0.457951445598155,5,0,0.130010146880522,1,1,0.193641067715362,5,0,0.133627210045233,4,1,0.647743181558326,8.19845194928348,8.48817429660509,0,41
3,0,0.139589204452932,1,0,0.779753310140222,6,0,0.763752458849922,6,0,0.207959912251681,2,0,0.503439619671553,2,0,0.886050064116716,2,1,0.336979048093781,1,1,0.807646584464237,4,0,0.0815531462430954,2,1,0.361157613573596,2,0,0.719300878467038,6,0,0.908859826158732,0.761348637752235,1.69507993424901,1,42
6,0,0.540398288751021,1,0,0.429202102823183,2,1,0.659043978434056,6,0,0.101585090626031,1,1,0.550378051353619,4,0,0.241260977927595,3,0,0.583774640224874,3,1,0.912425481947139,5,0,0.561552200466394,2,0,0.73778157052584,4,1,0.836645774310455,3,1,0.790649438044056,1.36088917497545,1.42594841055325,1,43
1,1,0.310585927451029,3,0,0.56955105252564,5,0,0.0784597462043166,1,1,0.780713283689693,6,0,0.834896655753255,5,0,0.63668298185803,6,1,0.20807014266029,4,1,0.907778649125248,5,0,0.677242368925363,1,1,0.924868021858856,5,0,0.934364255517721,3,0,0.118108788039535,2.96689267270267,4.48028831986903,1,44
1,1,0.852080375188962,2,0,0.1563256890513,6,1,0.372592984465882,3,1,0.534579712431878,5,1,0.675333595369011,1,0,0.0510511277243495,3,1,0.00103485072031617,3,0,0.920914561022073,3,0,0.418989086290821,2,0,0.763179386034608,4,1,0.743611306417733,2,0,0.098047643667087,0.204756623134017,0.343660457179121,1,45
1,0,0.0435301223769784,6,1,0.27905631554313,2,1,0.958445966243744,5,0,0.793784389272332,5,1,0.085383911151439,4,0,0.752388639608398,5,0,0.881387560162693,2,1,0.555025388021022,4,0,0.934721043566242,1,1,0.427188940811902,3,1,0.120984097709879,5,1,0.776846937369555,0.365228625014424,1.19419026343773,0,46
6,0,0.372172284405679,5,1,0.752403353573754,3,0,0.0249295672401786,6,0,0.149399259127676,1,1,0.17959715728648,2,0,0.989194340072572,5,1,0.680552774574608,6,1,0.036705374950543,6,1,0.0616548759862781,4,1,0.432162944925949,6,1,0.497156734345481,1,1,0.55289466609247,2.21629464067519,2.70203231435856,1,47
3,1,0.515976577065885,5,1,0.0435011107474566,3,1,0.604379054624587,1,0,0.588330281898379,3,0,0.0451307678595185,6,1,0.941524004330859,4,0,0.388322574784979,4,0,0.705477672861889,5,0,0.0359533757437021,2,0,0.16561712231487,3,0,0.856331951683387,3,1,0.656398370163515,0.252898083999753,0.598030124480526,0,48
1,0,0.767763015115634,1,1,0.755054536275566,1,1,0.0106069545727223,1,0,0.498148099519312,3,0,0.267478293273598,4,0,0.447569177951664,3,1,0.551971201319247,3,0,0.73769216099754,5,1,0.733230559621006,2,0,0.435758256120607,5,0,0.371312906965613,2,0,0.113274055533111,1.51514424942434,3.31808517524801,0,49
1,1,0.287349857855588,4,0,0.404876509448513,6,1,0.454542385647073,3,0,0.78561627282761,5,1,0.583101806929335,6,0,0.689362678444013,5,0,0.979847222799435,3,1,0.938727371860296,2,1,0.0107393206562847,1,1,0.170773590216413,2,1,0.252748345956206,1,1,0.234049374470487,3.88431188184768,5.66651560203932,0,50
6,0,0.816648775711656,2,0,0.927861518925056,1,1,0.111329520586878,6,1,0.728420255007222,5,0,0.886412033578381,2,1,0.0673415858764201,6,1,0.104752454906702,2,1,0.237905370304361,2,0,0.362361331470311,6,0,0.606197125278413,6,1,0.73554553068243,4,0,0.373559704748914,0.600607483647764,3.63850906322056,0,51
4,0,0.00527347554452717,6,1,0.853438231628388,3,1,0.279118681093678,6,1,0.146442248718813,5,0,0.528250305447727,4,1,0.571874046698213,3,0,0.626012342283502,5,1,0.732498431578279,2,1,0.00983472005464137,2,0,0.27881192159839,4,0,0.0880878078751266,5,0,0.686413253424689,2.14703741949052,2.90877147267262,0,52
6,1,0.022309604100883,1,0,0.439849691232666,1,0,0.51088737254031,4,1,0.35485445917584,2,0,0.340004083700478,3,1,0.0326546682044864,2,0,0.121411238797009,3,1,0.676998968468979,4,1,0.103145143482834,4,0,0.931080733193085,1,0,0.85491109942086,2,0,0.424312602728605,1.17057876195759,3.20720692228951,1,53
3,1,0.242970612132922,4,0,0.0918412052560598,2,1,0.317656363826245,4,1,0.663921018829569,6,0,0.427924716845155,5,1,0.25895761535503,5,1,0.605188206071034,1,1,0.522797185461968,3,0,0.308127610944211,5,0,0.161851027281955,3,0,0.165231558959931,4,1,0.308290877379477,3.28328250907362,4.27436906074475,1,54
5,1,0.831358972936869,3,0,0.14250339474529,2,1,0.92624538182281,3,1,0.161583651788533,3,0,0.164030596846715,1,0,0.515587371075526,4,0,0.984097704524174,3,0,0.0649497469421476,6,1,0.00354239391162992,1,0,0.924143583513796,2,0,0.179636137327179,2,1,0.979815904283896,0.373546732589602,0.473762909177435,1,55
6,1,0.0740482958499342,1,1,0.0503282127901912,4,0,0.764396017650142,1,1,0.0806713420897722,5,0,0.345827232114971,5,0,0.275904993060976,2,0,0.298899826826528,6,1,0.701612080214545,1,0,0.775413085240871,4,0,0.769272374222055,6,1,0.365214952733368,6,0,0.352297596167773,4.28380316589028,5.11567065395795,1,56
3,1,0.11186635773629,3,1,0.782028402434662,4,0,0.337554756551981,2,0,0.493941966909915,2,1,0.399505134439096,1,0,0.717167025431991,1,0,0.291647149249911,2,1,0.644441985990852,6,0,0.295580870704725,5,1,0.0510348344687372,1,1,0.78104089689441,1,0,0.956696384819224,3.57533968053758,4.51714026974514,0,57
6,1,0.623944004997611,6,1,0.840025607729331,6,0,0.914011519169435,5,0,0.976021945709363,1,1,0.0297189876437187,4,0,0.500320582417771,6,0,0.66778659587726,3,0,0.116695692995563,4,0,0.632344282465056,5,1,0.268939805915579,3,0,0.0103336432948709,4,0,0.7696328391321,0.280277919955552,0.747590536853556,1,58
4,1,0.671081800479442,4,0,0.681718560634181,5,0,0.309363096021116,5,1,0.746524706948549,3,1,0.0886054148431867,1,0,0.449083483079448,3,1,0.954330244800076,5,0,0.460221580695361,6,1,0.208250062307343,5,0,0.736687552649528,6,1,0.717270852997899,2,0,0.592164891539142,0.51237375009805,0.868783349067891,1,59
3,0,0.365894210059196,2,0,0.857860681833699,6,1,0.124794245231897,2,1,0.754860310349613,1,0,0.151043036486953,1,1,0.963389612967148,5,1,0.315145662520081,6,0,0.0708466640207916,2,0,0.647671028506011,3,1,0.220767162041739,3,0,0.0989960862789303,6,1,0.209430698538199,1.21352646965533,2.26336708987783,1,60
3,0,0.183181387605146,6,0,0.216920904116705,4,0,0.932150813983753,1,0,0.214225997217,3,1,0.208912074798718,6,0,0.397828064160421,4,1,0.112203264608979,3,1,0.897006139857695,1,1,0.762358446139842,3,0,0.156208199914545,2,0,0.347898955456913,1,1,0.318704552482814,0.0388184562325478,1.83519976105794,1,61
3,0,0.0267197021748871,3,0,0.626315209781751,2,1,0.120065691648051,5,1,0.483989997766912,5,0,0.933855364564806,5,0,0.764120676089078,1,1,0.648974972311407,4,1,0.186302584363148,3,0,0.71069132653065,3,1,0.995083579793572,6,0,0.296445137588307,2,0,0.282200826797634,0.194362481124699,0.465893832345804,0,62
6,1,0.490452522644773,1,1,0.554309409577399,6,0,0.427801098441705,1,1,0.770051514729857,4,0,0.97809473099187,5,0,0.983889242168516,1,1,0.250968870706856,6,0,0.516038505593315,2,1,0.370466697728261,5,0,0.720222484553233,1,1,0.818613031413406,4,1,0.755436031147838,0.0962034100666642,0.973587540985267,1,63
4,0,0.595927962567657,5,1,0.343154121655971,4,1,0.58704512915574,4,0,0.661712083267048,3,1,0.745126430410892,2,0,0.515440235612914,6,1,0.145363264949992,4,0,0.897785889450461,1,1,0.351276566972956,1,0,0.981345714768395,2,0,0.165030388860032,3,0,0.702674229396507,1.33331539109349,3.72545658730453,1,64
3,1,0.95614354731515,2,0,0.655334211187437,6,0,0.076184626435861,3,0,0.0157728097401559,4,0,0.351580835646018,2,1,0.347205398371443,2,0,0.525690550915897,5,1,0.823854993097484,4,0,0.556752341799438,2,1,0.29143455857411,4,0,0.523288308409974,1,1,0.449534561717883,0.0265169655904174,0.737155785466272,1,65
6,0,0.358389121713117,6,1,0.849807288264856,1,0,0.635364875663072,1,1,0.605979971587658,2,0,0.816693098051473,3,0,0.153566812397912,1,1,0.419213664717972,1,1,0.621841917512938,4,1,0.560668753227219,6,0,0.872598438290879,4,0,0.208965833066031,1,1,0.731382040772587,2.61787523049861,3.12501784149375,1,66
6,1,0.179455734789371,1,1,0.336484233150259,1,1,0.734049579128623,3,0,0.794400340411812,3,1,0.318059974350035,2,1,0.261738077038899,1,0,0.197530640987679,3,1,0.263621428981423,3,1,0.782371118431911,4,0,0.596469901036471,4,0,0.00693819741718471,5,1,0.41633702092804,0.280937645584345,3.13114072760211,1,67
5,1,0.992507245857269,6,1,0.894048942020163,4,1,0.0457878336310387,4,1,0.556956309592351,3,0,0.907762258779258,2,1,0.126341463066638,3,1,0.430496773216873,4,0,0.140433458145708,1,0,0.365421943133697,2,1,0.378448301693425,3,1,0.93335315422155,3,0,0.990258251549676,0.298711587674916,0.354637927369733,1,68
4,1,0.0307017399463803,2,0,0.968965157400817,2,1,0.354259700980037,1,1,0.950911231106147,2,1,0.769002600805834,6,1,0.69533191784285,5,1,0.769382501253858,2,1,0.890039127087221,6,1,0.0365289212204516,4,1,0.815015117870644,3,1,0.520553241018206,6,0,0.0932045576628298,6.90310739446431,7.95273690717295,0,69
4,0,0.723105238052085,5,0,0.697786235483363,3,0,0.847761823562905,3,0,0.732051714323461,3,0,0.83975539309904,6,1,0.55942074675113,3,1,0.567687639268115,4,1,0.146138936746866,6,1,0.21645175665617,3,0,0.400580034125596,3,0,0.768471423536539,3,0,0.59420574712567,1.85836420860142,1.86075454041652,0,70
3,1,0.0444233012385666,1,1,0.709437418030575,5,0,0.68778369622305,2,1,0.280179020948708,2,0,0.306553449016064,6,0,0.620047361589968,4,0,0.901718933833763,1,1,0.772707013180479,4,0,0.271841587498784,1,1,0.324413244845346,6,1,0.0620384179055691,2,0,0.749131493968889,8.93577199894935,8.93744318357979,0,71
1,1,0.282239745836705,4,1,0.313336697407067,1,0,0.00179029954597354,2,0,0.29085257765837,5,0,0.223491970216855,4,0,0.921550462022424,6,0,0.172146626748145,5,0,0.209029375342652,4,1,0.864065855974331,4,0,0.443922260776162,4,1,0.749628511723131,5,0,0.266609962796792,5.03334810491651,6.04827304913973,0,72
6,1,0.0579038611613214,2,0,0.368402724387124,2,0,0.664439599961042,1,1,0.219350156607106,6,1,0.295973993605003,4,1,0.696324792457744,1,1,0.748775601387024,5,1,0.213267363840714,5,1,0.18982244306244,5,0,0.145483998116106,5,1,0.237790418323129,5,1,0.567851123400033,0.820562825538218,3.14046772637168,1,73
2,1,0.65785947185941,5,1,0.172174075385556,6,0,0.155118177644908,2,1,0.767220951849595,1,0,0.138022562954575,3,1,0.663462227908894,3,0,0.753515270305797,5,1,0.808318911818787,2,0,0.501244397601113,1,0,0.154484966536984,3,0,0.97831298946403,2,0,0.669189519947395,0.836777733638883,1.64631107373888,1,74
5,0,0.900996441487223,2,1,0.618742370977998,3,0,0.481545121176168,4,0,0.541964537929744,5,1,0.118673717835918,2,1,0.324984848964959,2,1,0.379616556223482,1,1,0.224878115579486,2,1,0.505625936435536,2,1,0.796394822187722,1,0,0.183752691140398,3,1,0.16023401170969,0.00760471448302269,0.905842575399826,0,75
3,0,0.481952172936872,6,0,0.584010117454454,5,1,0.113868408137932,4,1,0.788449773564935,2,1,0.308942082803696,1,0,0.259051139466465,4,1,0.092227425891906,2,0,0.597181357908994,3,1,0.687852716539055,4,0,0.294824389042333,6,1,0.836141953011975,1,1,0.792777298949659,1.51298614218831,3.19885025472802,1,76
5,1,0.718140758341178,2,0,0.183547443011776,4,1,0.87249627453275,4,0,0.889999359846115,1,0,0.549724662909284,1,1,0.660350006539375,1,1,0.0139175287913531,1,1,0.752616330515593,1,0,0.947181988973171,2,1,0.315669884905219,5,1,0.436541242757812,5,0,0.95775710628368,0.053002149797976,0.801738839464994,1,77
4,0,0.670357310911641,4,0,0.264254384674132,3,1,0.426945796003565,3,0,0.346596679883078,2,1,0.992201132001355,5,0,0.162849775748327,5,0,0.464763563359156,5,0,0.601590549340472,1,1,0.495310660917312,2,0,0.431280624121428,5,0,0.943300042534247,5,0,0.108894602395594,3.18573345430195,3.36045255496477,0,78
5,1,0.369554270990193,6,0,0.777882085880265,6,1,0.274337381590158,2,0,0.727881980361417,4,1,0.565707198809832,5,0,0.218348987167701,4,0,0.364072921918705,1,1,0.378859544172883,6,0,0.602268548449501,4,1,0.247753093251958,5,0,0.175315634347498,6,1,0.00744068808853626,0.552304438315332,1.45670211772593,1,79
4,0,0.987303668633103,2,0,0.285131519194692,3,0,0.71132998005487,4,0,0.135086459340528,1,1,0.260416240431368,6,1,0.728896852582693,2,0,0.219180977670476,6,0,0.771798524074256,5,1,0.746825025649741,1,0,0.255646104225889,5,1,0.216972349677235,6,1,0.0366154005751014,3.52602533530444,5.87999920191521,0,80
4,1,0.357945790048689,1,0,0.784450600389391,5,1,0.350906903855503,3,1,0.269431914202869,1,1,0.444512078771368,5,0,0.359939280664548,1,1,0.764824938494712,4,1,0.423560987459496,4,0,0.366577341919765,5,0,0.2168369514402,2,1,0.0162943850737065,6,1,0.477354732574895,2.0035820780322,2.34760345813508,0,81
5,1,0.278885731939226,1,0,0.880527405301109,2,0,0.824181534349918,1,0,0.0260811226908118,4,1,0.563530452549458,6,0,0.326574648963287,3,0,0.886189709883183,4,1,0.141131483018398,2,0,0.252320089610294,4,0,0.776042863028124,1,0,0.163342227227986,2,1,0.814075815491378,0.801304006017745,2.47156291863545,1,82
1,0,0.295218331972137,3,1,0.925328093813732,4,0,0.483190573751926,6,1,0.642230891389772,6,0,0.905006286688149,3,0,0.571157868485898,3,1,0.570723320823163,5,0,0.969070309074596,3,1,0.61559697217308,5,1,0.395314031513408,2,1,0.687062938231975,5,0,0.121083950856701,0.0818058615550399,0.218313737617185,0,83
2,1,0.725533662363887,4,1,0.843946809414774,3,1,0.926352099049836,2,1,0.834714374272153,4,0,0.0768730822019279,6,1,0.456294876988977,2,1,0.173144887667149,3,1,0.400936145801097,5,1,0.87941655004397,1,0,0.894168635364622,2,0,0.443499838933349,4,0,0.123816156294197,0.311261159367859,1.0405568102205,1,84
1,0,0.523708141874522,6,1,0.507617947179824,4,1,0.130461408756673,4,0,0.640132558532059,5,0,0.269534464925528,4,0,0.682969254907221,1,1,0.0877547515556216,3,1,0.553409457905218,6,0,0.918852766510099,6,1,0.825757796410471,6,1,0.0391637878492475,4,1,0.436824942706153,1.0532436426729,1.21429887910684,0,85
2,0,0.898709599627182,3,1,0.665681796846911,5,0,0.133545819437131,5,0,0.37277366174385,6,1,0.0615300554782152,3,0,0.0220504726748914,5,0,0.777881451416761,1,1,0.124183761654422,3,0,0.847466261358932,6,0,0.0312980734743178,5,1,0.455152021488175,1,1,0.334053220227361,11.618472984992,11.7647831755069,0,86
4,0,0.554534342838451,2,0,0.852085268357769,6,1,0.897975504165515,2,1,0.699297911953181,3,1,0.673236716305837,4,1,0.916890711523592,5,0,0.212042023660615,2,1,0.32604129659012,5,0,0.178350997390226,2,1,0.992717294488102,3,1,0.806999540189281,4,1,0.405231345910579,0.497140805236995,2.14329350267055,0,87
5,0,0.180944594554603,4,1,0.656954262172803,5,0,0.61162812076509,2,1,0.0692445097956806,6,1,0.845752200810239,3,0,0.773674129974097,3,0,0.758543796604499,6,0,0.375772386789322,6,1,0.622858615126461,3,0,0.0100262598134577,5,0,0.270694106351584,2,0,0.165022678207606,0.784073956310749,1.02111196145415,0,88
2,1,0.987677411874756,6,0,0.35433110431768,6,0,0.42076580110006,3,1,0.125491519924253,4,0,0.591532726539299,2,1,0.975598969962448,3,0,0.655628233449534,1,1,0.0169955913443118,5,1,0.355932446196675,2,1,0.307771377265453,2,1,0.306974328355864,4,1,0.279860929353163,0.420757802203298,0.472829053658055,1,89
2,0,0.084494587033987,2,1,0.854674789588898,2,1,0.175863242242485,4,1,0.721780116902664,2,0,0.559518611524254,6,0,0.88587686046958,2,0,0.763576794648543,3,1,0.513992509804666,2,0,0.360468623228371,4,1,0.777732578339055,3,1,0.403169311815873,4,1,0.151652354281396,1.55123742297292,1.82592093335596,0,90
4,1,0.280153436586261,3,1,0.2600961944554,3,0,0.403883040184155,4,0,0.471899414435029,5,1,0.732591895619407,1,0,0.284554859157652,3,0,0.20295060868375,3,0,0.012104110326618,3,1,0.187439901055768,3,1,0.0652789785526693,6,1,0.224402227206156,2,1,0.570951069006696,2.15560104697943,2.53744557800686,1,91
1,1,0.386777909006923,4,0,0.800143808824942,3,1,0.23231567023322,6,0,0.344800175633281,1,0,0.0476458398625255,6,0,0.863085312768817,6,1,0.197868819581345,4,1,0.563067812938243,5,0,0.667868622113019,1,1,0.351447490975261,4,0,0.909421314718202,4,0,0.0153316494543105,0.879261526279151,1.34307083285724,0,92
2,1,0.667581452988088,6,1,0.215116060106084,6,1,0.78714139922522,3,1,0.986551272217184,6,1,0.0592058654874563,3,0,0.25257472647354,3,0,0.606808835174888,4,1,0.119573686737567,5,0,0.831591323949397,5,1,0.938029479701072,4,1,0.342366725206375,2,0,0.698922164039686,0.390346627682447,1.57240444448499,0,93
3,0,0.532471243990585,1,1,0.93119677552022,3,0,0.836573737906292,1,0,0.395861466415226,2,1,0.407417118316516,2,1,0.544462643563747,5,0,0.446222685975954,2,0,0.44944387068972,6,1,0.540592191042379,5,1,0.212294750846922,4,1,0.515705376397818,4,1,0.109452113974839,1.82664312887937,2.53451404705023,0,94
3,0,0.230961327906698,4,0,0.510967091657221,2,0,0.513073980808258,5,0,0.411589472787455,6,1,0.253212163690478,4,0,0.157728370744735,6,1,0.350306452950463,5,0,0.276119580492377,5,0,0.349686356028542,5,1,0.156110082985833,3,1,0.124594754073769,3,0,0.687877105083317,4.67820197809488,4.84590626273865,1,95
3,1,0.632278958568349,3,0,0.332545707933605,4,1,0.0014547856990248,3,1,0.0937728320714086,2,0,0.657726769801229,5,1,0.398579528555274,4,0,0.668076849309728,2,1,0.754833348793909,1,0,0.515187296550721,5,0,0.430327653186396,3,1,0.256087978370488,4,0,0.00295889540575445,0.644782092422247,1.27277342457065,1,96
2,0,0.538720104144886,4,1,0.37967447261326,4,1,0.847271047066897,5,1,0.401817828649655,3,1,0.88616085704416,1,0,0.550150445429608,4,1,0.285208829911426,3,0,0.278546681860462,1,0,0.36615141807124,2,1,0.706212372751907,5,0,0.636260658036917,6,0,0.747128057526425,0.89813326485455,0.953706114445422,0,97
2,1,0.71434985822998,3,0,0.295680842828006,3,1,0.751478342805058,2,1,0.307941114297137,6,1,0.351862559095025,5,0,0.26956664188765,6,1,0.711374623700976,2,0,0.663813418941572,1,0,0.0727729129139334,1,1,0.00934311514720321,3,0,0.0785434930585325,2,0,0.307187392842025,0.624994863756001,0.883684915144488,1,98
1,0,0.777633956167847,1,1,0.851252203807235,5,1,0.581274486146867,4,1,0.0784975336864591,1,1,0.140865987865254,5,1,0.24693884816952,1,0,0.459778992692009,1,0,0.208202266134322,2,1,0.655086321989074,1,1,0.604964998550713,1,0,0.688251481158659,6,0,0.494700487237424,10.5440784245729,10.701135752514,0,99
6,0,0.175094450358301,2,0,0.520486682653427,6,1,0.000199051108211279,2,1,0.931929664453492,5,0,0.905444302130491,3,0,0.328675884287804,3,1,0.573956788517535,4,1,0.883110431022942,1,0,0.750870819436386,6,1,0.900878382381052,3,1,0.848024062346667,6,1,0.190911876037717,0.790415098890662,3.37302995210791,0,100
5,0,0.783995329169556,6,1,0.338410288793966,3,0,0.300454626092687,3,0,0.385887907352298,5,1,0.632535381009802,6,1,0.712979692267254,6,1,0.508747778367251,5,1,0.902869186131284,2,0,0.207613801117986,3,0,0.365731006488204,5,0,0.592925508739427,1,1,0.167930238647386,3.69777029845864,12.9383956186054,1,101
6,0,0.957895490108058,5,0,0.68424611678347,1,1,0.505549132125452,5,0,0.491550687234849,2,0,0.560411677695811,5,0,0.678074089344591,5,0,0.218085724394768,5,0,0.416697354288772,6,0,0.321761764353141,1,0,0.410008270759135,5,0,0.674214203609154,3,0,0.0795023592654616,5.53267914801836,5.65137962397412,0,102
3,1,0.881403522798792,5,0,0.507465963019058,4,1,0.390289473580196,3,0,0.343648581765592,2,1,0.775548510253429,6,1,0.294786735670641,4,1,0.29457171424292,6,1,0.75250032171607,1,1,0.373862784123048,4,1,0.802937468746677,4,0,0.0980691607110202,5,0,0.119037153664976,0.605462002567947,0.705083472710469,1,103
2,1,0.943892430514097,5,0,0.0858186481054872,2,0,0.612706532469019,3,1,0.593374184332788,1,0,0.0428028383757919,5,0,0.827621778706089,3,0,0.585790931247175,4,0,0.548607654403895,4,0,0.945253139128909,6,0,0.408061854541302,5,1,0.115477284649387,4,0,0.456891358364373,0.0815109815448523,0.162749262526631,0,104
3,0,0.16956744203344,6,0,0.490774720208719,4,1,0.973640711046755,3,1,0.900649401126429,5,0,0.129177388502285,5,1,0.29785056761466,1,0,0.105781749589369,4,1,0.389361968729645,1,1,0.0893812843132764,3,0,0.143999263877049,6,0,0.148403333034366,3,1,0.737894001649693,4.28391620516777,4.95383706549692,1,105
2,0,0.149763887515292,1,0,0.528747608419508,6,1,0.427328012185171,2,1,0.0747140345629305,6,0,0.106500378809869,3,1,0.0639667599461973,2,0,0.902316082036123,6,1,0.25157223874703,4,0,0.896355275297537,2,1,0.660657577216625,6,1,0.520132440840825,4,0,0.0986853921785951,0.969059998169541,3.15356684308217,1,106
3,1,0.151125896722078,6,0,0.348377920687199,4,1,0.643232162808999,1,0,0.0961253910791129,2,0,0.333870526170358,6,1,0.397889010841027,3,0,0.847122272476554,3,0,0.0642841281369328,4,1,0.324795098043978,5,1,0.0697276967111975,6,0,0.692982589825988,1,0,0.0539304006379098,7.08853523246944,7.3555211659373,1,107
4,1,0.644125224556774,1,1,0.541542612016201,2,0,0.404313737759367,3,1,0.680985646788031,3,0,0.308692421298474,2,0,0.516307292506099,4,1,0.748825744027272,5,1,0.273426230996847,5,0,0.917086357949302,2,1,0.189217692008242,5,1,0.821509437635541,4,1,0.870223322417587,0.0456522684544325,0.479406860490603,1,108
2,0,0.667740967124701,5,0,0.0308118383400142,5,1,0.863017807947472,6,1,0.502912571188062,3,1,0.854386432329193,4,0,0.448030007770285,4,0,0.810104248579592,6,1,0.660037274006754,2,0,0.468397783115506,3,0,0.663580730324611,6,0,0.158647015225142,3,0,0.989782366901636,7.6069061178714,8.30652760179491,0,109
5,1,0.669545366195962,5,0,0.553051161114126,2,0,0.272924934979528,1,0,0.113058909308165,1,0,0.152311243582517,3,1,0.397638046648353,5,0,0.181067581521347,3,1,0.681000293698162,3,0,0.184238590532914,2,0,0.700110220583156,1,1,0.983889937167987,3,0,0.892339142970741,0.162112060934305,0.253837961061435,0,110
6,0,0.210182589711621,3,1,0.951171746710315,5,1,0.582067639566958,6,1,0.103605792159215,5,0,0.717602577758953,6,1,0.955360598862171,3,0,0.175290048355237,6,1,0.620483012637123,2,0,0.923963103676215,6,1,0.252821902744472,1,0,0.00200705882161856,3,1,0.188625636743382,1.73917843494564,2.78184596649148,1,111
1,1,0.189972935244441,5,0,0.922304109670222,5,1,0.0812439029105008,4,1,0.733611675910652,2,1,0.379616743884981,1,1,0.165889212395996,4,0,0.641653446014971,6,0,0.928376147756353,6,0,0.356700946344063,3,0,0.347383728250861,4,1,0.160447302274406,5,0,0.350577807985246,1.02947722189128,1.50215700113525,0,112
4,0,0.47729955567047,3,0,0.301287040580064,5,1,0.511236864840612,2,1,0.333062896737829,1,0,0.148016188759357,5,1,0.861552568385378,5,1,0.91323157120496,4,1,0.392383286263794,2,0,0.279607142088935,3,0,0.71443629427813,3,1,0.201062825508416,1,1,0.159670270280913,2.40512983873487,3.30622560380712,0,113
6,1,0.776646861806512,2,0,0.574267907999456,6,1,0.415739435236901,2,0,0.0191767041105777,6,0,0.742264484753832,6,0,0.656856979243457,6,1,0.0482610892504454,6,1,0.371345769613981,1,0,0.635225640144199,3,0,0.19545943941921,5,0,0.335449405014515,5,0,0.675239083357155,0.259745749644935,0.393884801164209,0,114
6,0,0.773280043853447,5,0,0.72838127380237,4,0,0.289032059721649,1,1,0.585055044153705,3,1,0.943072637077421,3,0,0.799579460872337,5,0,0.477933453163132,6,1,0.344437286490574,6,1,0.11404222715646,5,1,0.0486792731098831,5,0,0.166926722507924,2,0,0.482983113732189,0.295947073027492,0.719598863894741,0,115
2,1,0.52562714763917,3,0,0.543024538084865,5,0,0.820628477958962,4,1,0.964366781525314,1,1,0.112423177575693,3,1,0.429827268468216,6,1,0.457795780617744,6,1,0.572920460253954,2,0,0.336202713893726,4,0,0.551756989443675,5,1,0.548088482581079,6,1,0.731642113998532,0.783274066634476,2.00145410511004,1,116
3,1,0.97964469762519,3,0,0.66785885556601,5,0,0.141296846559271,4,1,0.383609705837443,1,1,0.232892330503091,6,0,0.579488480463624,6,1,0.635197938187048,6,0,0.00260709971189499,5,1,0.740521844243631,3,1,0.371807231102139,4,0,0.190269875340164,3,1,0.742406313540414,0.387231353670359,0.520465577096328,0,117
6,1,0.989232730586082,5,0,0.536475967848673,4,1,0.282350294291973,2,1,0.861724891932681,2,1,0.86796236387454,2,0,0.466358181321993,4,1,0.288015852682292,3,0,0.860903104068711,1,0,0.255630027502775,4,1,0.57870724145323,5,0,0.584614967927337,6,1,0.676185331540182,0.0806188909336925,0.283501200521938,1,118
2,1,0.526594938477501,3,1,0.240485589019954,2,0,0.458751757163554,5,1,0.751540562370792,4,0,0.443078491603956,1,0,0.439413283253089,4,0,0.331999531714246,3,1,0.826500814640895,4,0,0.00323932245373726,6,0,0.580671837087721,4,1,0.138313961448148,1,1,0.682091597467661,1.84864806942642,2.98563405367787,1,119
6,0,0.0968042567837983,3,1,0.506556255510077,5,0,0.52683205390349,1,0,0.0436277948319912,2,1,0.514242280740291,5,1,0.832029897486791,5,1,0.461021886905655,3,0,0.107007462065667,4,1,0.979891100199893,1,0,0.0770581637043506,3,1,0.118983616353944,4,0,0.884019831428304,0.096052885055542,0.279473174984256,0,120
3,0,0.568567172158509,4,0,0.553754308260977,1,1,0.508884222945198,5,1,0.111739147920161,6,1,0.00753704085946083,1,0,0.661116882925853,5,1,0.460586296394467,1,1,0.252195050008595,1,1,0.475810921983793,4,1,0.183252880349755,4,0,0.562837861711159,6,1,0.0468897712416947,5.29089802876115,6.08497636891763,1,121
3,0,0.14015187881887,2,0,0.281716810772195,3,0,0.753867574501783,3,1,0.443037787685171,3,1,0.920795697020367,2,0,0.925038384040818,1,0,0.99791528400965,4,0,0.583517602644861,1,1,0.511204638751224,4,0,0.603713491931558,6,1,0.873388073174283,1,0,0.392567702103406,0.640173093415797,1.28907386679202,0,122
4,1,0.590034009655938,6,1,0.0346096730791032,1,0,0.889684120425954,2,0,0.0656780782155693,6,0,0.230438028927892,6,0,0.912133482750505,5,0,0.752320439787582,3,1,0.000993089284747839,6,1,0.12111492222175,3,0,0.396212520077825,4,0,0.948081519920379,4,0,0.350681864423677,0.494340783916414,0.697178651159052,1,123
1,1,0.931667194934562,3,1,0.236103557981551,1,0,0.917324251495302,5,0,0.382617496186867,1,0,0.33046346437186,3,1,0.190251581603661,5,1,0.752490576822311,4,0,0.423299200832844,5,1,0.448927848599851,1,1,0.215380833018571,1,0,0.575536350253969,5,1,0.687988312914968,0.581524567678571,0.876926436685209,1,124
2,1,0.199648173293099,4,1,0.56651979056187,5,0,0.772471443517134,5,1,0.638267351547256,5,1,0.914751810254529,1,1,0.412108368473127,5,1,0.871021590428427,4,0,0.781109227100387,5,0,0.694054863415658,1,1,0.121802032692358,1,1,0.0513355971779674,2,1,0.0846230308525264,6.99069141410291,8.27760734409737,1,125
6,1,0.408749217633158,1,1,0.349820439238101,2,0,0.185977805638686,5,1,0.261821772903204,1,1,0.360573742771521,6,1,0.522858490236104,6,1,0.29384965240024,2,1,0.0783197251148522,6,0,0.935615311842412,5,1,0.943752943538129,3,1,0.957007491961122,6,1,0.945866517722607,2.00931262224913,2.08948857264871,1,126
2,1,0.369433298008516,5,0,0.606799250235781,5,1,0.14043748867698,2,0,0.978513799374923,2,0,0.654021822847426,6,1,0.786460540955886,4,0,0.0318570646923035,5,1,0.533461433835328,6,1,0.253047747071832,1,0,0.0134879448451102,1,0,0.316773709375411,3,1,0.851825270336121,1.28907256294042,4.47497498695705,0,127
4,0,0.746998375980183,6,0,0.623493796447292,1,0,0.629218918737024,3,1,0.901937515707687,6,0,0.731781800277531,1,0,0.587193550541997,3,1,0.841935829026625,6,1,0.411027356982231,4,1,0.0119396965019405,6,1,0.122416632715613,1,1,0.48073783214204,5,1,0.87789276172407,2.47093848884106,2.7697905851528,0,128
4,0,0.112991959787905,5,1,0.714413891779259,2,1,0.365952430991456,3,1,0.699213603977114,2,0,0.0418563240673393,6,1,0.525010992772877,5,1,0.902598003391176,2,1,0.972767061553895,5,1,0.431488370755687,1,0,0.155414095381275,6,1,0.54550447454676,6,0,0.725677157752216,1.71504204627126,2.87349726331005,1,129
5,0,0.122959866886958,1,0,0.655930519336835,1,0,0.991901363246143,4,0,0.509588008513674,4,0,0.481811466161162,4,1,0.426715648733079,5,1,0.354048715438694,2,1,0.506416153395548,3,0,0.892246265895665,5,1,0.00841481983661652,3,1,0.20028720330447,2,0,0.300682732369751,1.35226198472083,3.03233712788468,1,130
4,1,0.719678602414206,6,0,0.311613382073119,6,0,0.69630275061354,4,0,0.412628334015608,5,1,0.356398240895942,1,1,0.724268211051822,2,1,0.343572666170076,1,1,0.502541247056797,4,0,0.952733444049954,2,0,0.273970787180588,5,1,0.978880553739145,4,0,0.289243106497452,0.160926254466176,0.585587430935228,1,131
5,0,0.860271706944332,2,0,0.808134394930676,3,1,0.14948867703788,1,0,0.97658488759771,3,0,0.666991578415036,6,0,0.532191059086472,6,0,0.794845493976027,2,1,0.202921689720824,1,0,0.916210534283891,6,0,0.444320634705946,1,0,0.0418828260153532,4,0,0.461862089112401,7.85403302870691,9.50916048858845,1,132
2,1,0.240911901928484,4,1,0.689493366749957,2,0,0.889382872032002,5,1,0.134446264477447,3,0,0.415650532348081,4,0,0.611310966778547,1,1,0.837313461583108,5,0,0.891539682867005,5,0,0.288225035415962,2,1,0.166394727071747,4,0,0.551123421173543,4,0,0.997566028963774,2.22837890032679,5.68575795260225,0,133
4,1,0.664294360438362,2,1,0.30748979980126,5,1,0.227752264356241,4,0,0.647587960353121,4,1,0.483863222179934,2,1,0.818927760235965,4,0,0.0122870660852641,4,0,0.985913299024105,1,1,0.909058610908687,6,1,0.572178468806669,3,0,0.434417712967843,2,1,0.0716647023800761,0.090952031314373,0.390020272073646,0,134
4,0,0.318897862220183,1,0,0.0307299988344312,2,0,0.460097400005907,4,0,0.97545032016933,5,1,0.502086437772959,2,1,0.281435843091458,2,0,0.708023350220174,5,0,0.506914002355188,6,0,0.122231134446338,6,1,0.857863129815087,2,0,0.363110719015822,4,1,0.957692228490487,0.064418651163578,0.922088191534082,0,135
1,1,0.781142134685069,6,1,0.374185929773375,1,1,0.884215478552505,1,1,0.920260591898113,3,1,0.572339028120041,3,0,0.337105962214991,1,1,0.156221730168909,5,1,0.333600406302139,6,0,0.55927034211345,6,0,0.0266891822684556,5,0,0.89876733161509,3,0,0.268032290972769,1.26862048637122,2.05680435855061,1,136
2,1,0.659678281983361,3,1,0.896871534874663,5,0,0.768641914241016,2,0,0.393461537081748,2,1,0.532594083575532,2,1,0.675067003117874,3,1,0.260209064697847,6,0,0.491676136385649,4,0,0.856490559177473,2,1,0.441587818320841,5,1,0.765914408257231,2,0,0.0414434690028429,1.15643267054111,1.71869637029065,1,137
3,0,0.234904851997271,3,1,0.658742890926078,2,1,0.593849448487163,5,0,0.256267203949392,4,1,0.0588354035280645,5,1,0.360308036673814,3,1,0.337886094581336,6,0,0.600531509611756,5,0,0.963654473656788,6,0,0.446241216501221,6,0,0.83774550887756,6,0,0.996695684967563,0.960076111368835,2.07283798372373,0,138
6,0,0.245747464243323,5,1,0.254360795719549,2,0,0.384526890236884,1,1,0.709239001385868,2,0,0.253784273983911,1,0,0.026544899912551,4,1,0.0892557557672262,5,0,0.916048638755456,4,1,0.832110558869317,1,1,0.289018249604851,4,1,0.535398225532845,3,0,0.623040792765096,2.62599089182913,3.02961987597676,1,139
5,0,0.694650320103392,3,1,0.941237875027582,4,1,0.763803606387228,1,1,0.868224802194163,5,1,0.612768020248041,5,0,0.247644695220515,5,0,0.819525548489764,6,1,0.168899290729314,2,1,0.721276422496885,6,0,0.371516030281782,1,1,0.493220493197441,6,1,0.611343882279471,3.35988856386393,4.92752809536161,0,140
1,1,0.243674024241045,2,0,0.417892209021375,2,0,0.950207171263173,1,1,0.324614306911826,1,1,0.838640209985897,4,0,0.628060487098992,3,1,0.545770884724334,4,0,0.688485753489658,2,0,0.0188596474472433,1,1,0.84831554023549,3,0,0.498046747641638,5,0,0.0722950401250273,1.66295224335045,2.43353051366284,0,141
4,1,0.561437565134838,1,0,0.446899042464793,1,0,0.414766034344211,4,0,0.471374369924888,2,1,0.790204724529758,4,0,0.0824314567726105,6,1,0.332159025594592,2,1,0.99091692850925,2,1,0.602700762450695,6,0,0.446663492592052,6,0,0.615175436250865,5,0,0.670426166849211,1.25970435328782,1.54980423742776,1,142
1,0,0.796577516244724,1,1,0.7196044921875,4,1,0.491693108808249,4,1,0.241029699333012,6,1,0.133749082451686,2,1,0.559195661917329,1,1,0.184687429573387,5,1,0.867506724549457,3,1,0.0721185884904116,4,1,0.00524894730187953,2,0,0.89149826974608,2,1,0.732139387633651,2.81118473503739,2.99179095024836,0,143
2,1,0.621433270396665,1,1,0.999521841760725,6,1,0.232543188845739,6,1,0.594067525817081,6,1,0.576762391952798,1,0,0.731687424238771,4,0,0.0996570747811347,6,0,0.500763093819842,3,1,0.796999255660921,1,1,0.217508388217539,1,0,0.605555694084615,3,0,0.092710314784199,0.628802459686995,0.994936167932615,0,144
2,1,0.470291764242575,6,1,0.374131688615307,1,1,0.952377219917253,6,1,0.601513035129756,2,1,0.778136258944869,6,1,0.595004378817976,1,0,0.42186441947706,1,0,0.153687006561086,1,1,0.559678778983653,3,0,0.974533318541944,6,1,0.198055697139353,5,1,0.484572605928406,2.13030492886901,2.49315427931667,1,145
5,0,0.624193680938333,6,0,0.433905342128128,1,1,0.931020998861641,5,1,0.387299603084102,2,0,0.512792005669326,6,0,0.487852461636066,5,0,0.141477384837344,5,0,0.655788500793278,5,0,0.199606343638152,6,1,0.0534390760585666,6,0,0.149213993689045,6,0,0.676990549312904,2.94338562525809,3.86738645533721,0,146
6,0,0.999853645917028,1,0,0.137248779181391,6,0,0.499901899136603,1,0,0.179944046540186,3,1,0.613061429234222,2,1,0.382847683504224,6,1,0.261852550553158,3,1,0.792101701023057,1,0,0.186869378434494,1,0,0.528593700611964,2,1,0.995524460216984,5,0,0.756630352465436,0.929278670810163,2.73975740490309,0,147
2,1,0.76042796834372,3,0,0.99309143028222,3,1,0.340887716505677,2,0,0.491109599126503,5,1,0.161663823295385,6,0,0.317061913898215,5,0,0.740313972812146,3,0,0.366032743593678,1,1,0.327380048111081,3,1,0.420956186018884,3,1,0.584852943662554,3,1,0.391178052406758,0.476968707516789,1.32872585052003,0,148
1,0,0.120353439124301,1,1,0.0929583082906902,3,1,0.714875317644328,6,1,0.970027684699744,1,1,0.252070075599477,6,1,0.808985823532566,5,1,0.749134684447199,2,0,0.3431672884617,4,1,0.713445028988644,4,1,0.279922009911388,6,0,0.868262949166819,2,0,0.405541478423402,0.673336442559958,1.15013942803907,0,149
2,1,0.321884584147483,3,1,0.952449834672734,2,0,0.0393536831252277,2,0,0.875675974180922,4,1,0.750279781175777,1,1,0.417125882115215,6,0,0.307647369336337,3,0,0.613902574870735,1,1,0.600694251712412,5,0,0.22420632885769,5,1,0.195320256520063,3,1,0.109345002099872,0.455542467534542,1.90396610644958,1,150
1,1,0.772022798890248,4,0,0.981086807325482,5,0,0.7019683055114,3,1,0.865273589035496,1,0,0.0599285867065191,1,1,0.198935342486948,5,0,0.303929554531351,6,1,0.394652134040371,6,1,0.0170014975592494,3,0,0.212216366315261,3,1,0.353335115127265,6,0,0.0303388468455523,0.478968257084489,0.86701328726523,1,151
4,1,0.955274682957679,2,1,0.0258701916318387,6,0,0.653803672408685,3,1,0.927921805297956,3,0,0.322146755410358,3,1,0.695396897383034,1,0,0.130073986249045,5,1,0.734943767078221,5,0,0.996000878280029,1,0,0.891365445451811,4,0,0.747985705034807,1,1,0.667952262563631,0.0942781334742904,0.141495718334371,1,152
2,1,0.398758557159454,2,1,0.578243952710181,1,0,0.639788188273087,4,1,0.699579943437129,6,0,0.410113716032356,3,0,0.665234982967377,1,1,0.889176503755152,3,0,0.542135060764849,4,0,0.898189140949398,6,0,0.649783002678305,4,0,0.0142859264742583,2,0,0.837311580311507,0.885868677869439,1.39166275649492,1,153
3,1,0.194347731303424,3,0,0.596259904792532,5,1,0.683094236766919,5,1,0.436514575267211,3,1,0.179093329934403,4,0,0.851573213469237,5,1,0.571320056449622,3,0,0.585078606614843,3,1,0.680960029130802,5,0,0.692306194687262,4,1,0.651953586144373,3,0,0.344006929546595,4.50767972506583,6.01340027081384,1,154
6,1,0.983098177937791,4,0,0.630681275157258,6,1,0.370128657203168,4,0,0.64264470199123,5,0,0.806811590911821,1,0,0.257665512384847,6,0,0.279920444590971,5,0,0.963414734695107,5,1,0.0110656500328332,2,0,0.529354715719819,6,0,0.0246648476459086,2,1,0.770459443097934,0.500788795761764,0.750802048944672,1,155
2,0,0.146438858937472,3,1,0.546360179083422,3,0,0.649865364888683,3,1,0.289772213669494,3,1,0.73487968207337,3,0,0.831460730405524,5,0,0.266123689012602,2,1,0.0502614651340991,2,0,0.47393676568754,5,0,0.539929922902957,2,1,0.288959552999586,4,0,0.328266463940963,1.20760349091142,1.49572914155821,0,156
1,0,0.807343557476997,5,1,0.691629265202209,3,0,0.240153385791928,1,1,0.497955941129476,4,0,0.961548443417996,3,0,0.295360901392996,5,0,0.575262210099027,3,1,0.524705146905035,5,0,0.49097002344206,1,0,0.136496833991259,6,1,0.631672348827124,5,1,0.352219108957797,5.80165523570031,5.98901296496945,1,157
2,0,0.702470279298723,5,1,0.690569579135627,6,0,0.327384971082211,1,1,0.21467471215874,4,0,0.595556524815038,6,1,0.674673234345391,3,1,0.616656372789294,5,0,0.254963529994711,3,0,0.365031435387209,4,0,0.446819618577138,4,0,0.868863743729889,5,1,0.773866730974987,7.98409944400191,8.35410602080325,0,158
1,1,0.799476550426334,4,0,0.929498438956216,4,0,0.437604470411316,3,1,0.373843741370365,5,0,0.362877950305119,3,0,0.893635819898918,6,0,0.6817424709443,3,0,0.394773272331804,5,0,0.409484738484025,5,0,0.698969955323264,4,0,0.647353262174875,6,1,0.721843353938311,1.02638395037502,1.44548849018655,1,159
5,0,0.530801190761849,4,0,0.461701601045206,6,0,0.912307635881007,6,0,0.0631042507011443,1,1,0.962716564768925,6,0,0.447995368158445,4,0,0.626231282483786,3,1,0.915471216430888,3,0,0.773381261155009,1,1,0.263179963920265,6,1,0.00764421699568629,1,0,0.909605626016855,3.41941206716001,3.50708063515789,1,160
1,1,0.460155031643808,4,0,0.0224431324750185,2,1,0.717466355999932,6,0,0.358091533882543,2,1,0.164355677552521,6,1,0.529431076021865,4,1,0.259511487325653,6,0,0.950033803470433,4,0,0.74406206398271,5,1,0.451313770143315,6,1,0.942558505339548,5,0,0.0674686294514686,2.09367426577955,3.89593258182657,0,161
5,1,0.152719084173441,4,0,0.647099872818217,1,0,0.0966691533103585,3,0,0.128090104321018,5,1,0.614112020237371,4,1,0.424102092627436,2,0,0.465518076671287,6,0,0.00998531701043248,1,0,0.531308739446104,3,0,0.153303510509431,5,0,0.940111687406898,3,1,0.423418276710436,1.41487317159772,3.16494749231092,0,162
6,0,0.998106719693169,6,0,0.388691820437089,1,0,0.88299494003877,5,0,0.620336352149025,6,0,0.74066524580121,2,0,0.693032722454518,5,1,0.0928040379658341,1,0,0.38644725875929,3,0,0.870900242822245,6,1,0.739133499097079,1,0,0.177542072720826,1,1,0.881966026034206,0.0891339732334018,0.448892367764083,0,163
3,1,0.557312655029818,5,1,0.133969554211944,1,1,0.898418803699315,4,1,0.584737904369831,4,0,0.0119504739996046,4,0,0.530285565881059,6,1,0.308485742891207,5,0,0.579837589990348,5,1,0.670230426127091,2,0,0.452332022599876,5,0,0.667337800608948,4,1,0.282995723653585,0.758005189709365,1.12841212268298,0,164
4,1,0.492183290887624,5,0,0.773224313044921,6,1,0.751427122624591,2,1,0.274743896676227,6,0,0.0229388708248734,1,0,0.322094997391105,6,1,0.304481730097905,6,1,0.289284407161176,2,0,0.996592446928844,5,1,0.304757620673627,4,0,0.0115954324137419,5,0,0.358727782731876,1.78711873013526,2.10569369116443,1,165
2,1,0.412586614489555,1,1,0.0309782978147268,2,1,0.551313884789124,1,1,0.97190527128987,1,1,0.178923977538943,2,1,0.649489450501278,3,1,0.820627803215757,4,0,0.419132631039247,2,0,0.343900835607201,6,0,0.756782311946154,2,1,0.817827389575541,3,0,0.830950724659488,0.165077508427203,0.54749639148848,0,166
6,0,0.257401745067909,5,0,0.849609860684723,4,0,0.67727197194472,4,1,0.144700152333826,5,1,0.973839054582641,4,0,0.567173114046454,4,1,0.509753279620782,6,0,0.510755990864709,5,0,0.867957089096308,6,0,0.611263219732791,2,1,0.0474245953373611,3,1,0.104223658330739,0.696865958161652,1.78973034277364,1,167
2,0,0.164202530868351,5,0,0.52420471329242,6,0,0.494277413701639,5,0,0.169278313871473,6,0,0.474574053892866,2,0,0.719368405640125,2,1,0.828458871692419,2,0,0.717108886921778,6,0,0.731747704558074,6,1,0.275278635788709,6,1,0.0339000525418669,5,0,0.473250387469307,0.246032723225653,1.65495958172234,0,168
2,1,0.871655251597986,1,0,0.867893284652382,5,0,0.193050412693992,4,1,0.43823858583346,6,0,0.447381452191621,4,1,0.349567077122629,2,1,0.637392523931339,2,1,0.101321413181722,2,1,0.537813898641616,2,0,0.00260679726488888,1,1,0.337876433972269,5,1,0.494162647053599,0.0249528093263507,0.626851920745039,1,169
4,1,0.631293144542724,1,0,0.23793158843182,4,0,0.945227575488389,4,1,0.118463032413274,6,0,0.53112160647288,6,0,0.465781011851504,4,0,0.184373126830906,4,0,0.948743857676163,4,0,0.73974231351167,5,0,0.828867763048038,1,1,0.307004042668268,1,1,0.889023915864527,0.739933224394917,1.62193737454983,1,170
4,0,0.963963123969734,3,0,0.0640456476248801,5,0,0.282941852230579,6,1,0.874595723114908,6,0,0.525558789260685,4,0,0.972807690268382,3,0,0.251438664970919,6,1,0.539587630657479,5,0,0.571099441265687,2,1,0.452500393614173,4,0,0.268374600214884,2,1,0.200512563576922,6.81165780406445,7.90609690748776,0,171
2,1,0.943785175913945,5,1,0.396212179679424,5,1,0.236774935619906,2,0,0.113607917213812,2,0,0.555038223043084,2,0,0.00623576366342604,4,1,0.814977602101862,4,0,0.498369455570355,2,0,0.839899924350902,2,1,0.731655643088743,3,0,0.719609992345795,3,1,0.72735160193406,0.205215415917337,0.552301128369749,1,172
5,0,0.955002926290035,3,1,0.418394756270573,2,0,0.80190631840378,3,0,0.157210554461926,2,1,0.349737733136863,1,0,0.633604778908193,1,0,0.331042042002082,3,1,0.918702938361093,3,0,0.67843216448091,5,1,0.279446603031829,5,0,0.171450654510409,2,1,0.0341725957114249,10.2634516078979,10.5852266571795,0,173
2,1,0.89792666840367,2,0,0.431937677785754,5,0,0.226197144715115,6,1,0.373390814522281,2,0,0.858868471113965,3,1,0.748670734930784,1,1,0.816298343939707,1,0,0.842094578780234,3,0,0.201217994559556,3,0,0.418017353862524,5,1,0.298474716953933,1,0,0.374982004519552,0.0197095796465874,0.221824575589205,1,174
6,1,0.421930266544223,3,0,0.347115515964106,1,0,0.0510876318439841,3,1,0.00345717300660908,1,1,0.677075416548178,5,1,0.250066340202466,1,1,0.341740017291158,2,1,0.756144030950963,1,0,0.0526837308425456,4,0,0.729407476261258,6,1,0.856942320009694,6,1,0.149266475113109,1.55712885316461,1.66481448415046,0,175
6,1,0.998057381948456,3,1,0.355435137171298,1,1,0.637391873868182,3,1,0.69647465320304,3,1,0.666780347004533,1,1,0.627129710046574,5,0,0.88985552219674,6,0,0.640842472901568,2,1,0.821782863466069,4,0,0.372341577196494,3,1,0.212225502356887,1,0,0.899860369274393,0.0626996625214815,0.391434758334154,1,176
1,0,0.775501184165478,2,0,0.754484853707254,5,0,0.667510399827734,6,1,0.369050442008302,4,1,0.79865460889414,1,0,0.350547802168876,6,0,0.841083356644958,5,0,0.625675653573126,2,1,0.460666708881035,6,0,0.65460962546058,3,1,0.00680499686859548,4,1,0.308954512933269,3.92925809137523,4.69603656325489,0,177
5,0,0.752772056264803,1,1,0.242134788073599,1,1,0.575175620382652,2,0,0.620017281966284,2,0,0.717705069575459,2,0,0.457227603066713,4,1,0.482689888682216,3,0,0.614570452133194,1,0,0.38644939288497,2,1,0.727208842057735,4,0,0.864643964450806,3,0,0.46680594002828,1.04017101693898,1.1139133546514,0,178
4,1,0.141268632840365,2,1,0.165422229561955,3,0,0.704205452697352,4,1,0.646833673585206,2,1,0.0074712096247822,2,0,0.163181859301403,1,1,0.183242315659299,4,1,0.741420054575428,3,0,0.804680485045537,4,1,0.532476540887728,6,0,0.490843214094639,6,0,0.117761065019295,2.17177986633033,2.51666941757624,0,179
3,1,0.249210565118119,3,0,0.853390221018344,6,0,0.665136148687452,1,0,0.592405872186646,6,0,0.895652453182265,1,1,0.400781784905121,5,1,0.798546166159213,6,0,0.880464991787449,6,1,0.745899645611644,5,1,0.946437279926613,3,0,0.668756806058809,2,0,0.0386306182481349,2.10306572262198,2.96845317973445,0,180
5,0,0.585415466222912,1,0,0.25730501092039,1,1,0.830354957841337,2,1,0.266763321589679,6,1,0.31805482157506,6,1,0.119918735232204,3,0,0.92501642764546,2,0,0.0180980351287872,2,0,0.0545414404477924,1,1,0.160392348887399,2,1,0.834928081603721,2,0,0.231639913283288,2.6296847499907,2.98930693750801,0,181
6,1,0.434916571015492,5,0,0.40516458475031,3,1,0.401490659918636,6,1,0.073113467078656,5,0,0.536799640161917,6,0,0.0356042345520109,6,0,0.961655492894351,4,0,0.605303570860997,3,1,0.235113216564059,3,1,0.649749998468906,5,1,0.273997920332476,5,1,0.617489041993394,0.876837177202106,0.877939535724663,0,182
4,1,0.114269628887996,1,0,0.891120404936373,5,0,0.907210830366239,3,1,0.0140019347891212,4,1,0.959217109018937,6,1,0.0578317677136511,3,1,0.944901468697935,3,1,0.432558781700209,1,1,0.900294424733147,2,1,0.606487872777507,1,1,0.545443006558344,3,1,0.92629429185763,3.29213030636311,3.80549704986937,0,183
6,1,0.761027491651475,6,0,0.613454938633367,1,1,0.0393714078236371,5,1,0.401009991532192,5,1,0.0903708136174828,3,0,0.606293411226943,2,1,0.463095427490771,2,1,0.275903054978698,1,0,0.831554795615375,5,1,0.399186762049794,6,0,0.661754754371941,3,1,0.0864133250433952,0.416386988945305,0.795923248334745,1,184
5,1,0.892411955632269,6,1,0.812520277919248,1,0,0.911167469108477,4,0,0.988648568978533,5,1,0.518765521235764,5,1,0.0581449961755425,5,0,0.531175447860733,6,1,0.790738224051893,4,0,0.946957595646381,1,1,0.937896384857595,3,0,0.545771179487929,5,1,0.323002055985853,0.0428777420893312,0.443962587664796,1,185
4,1,0.146017209393904,5,0,0.657325760927051,3,0,0.996058959281072,5,1,0.306575709488243,4,1,0.822244143811986,5,1,0.312085358193144,4,1,0.0638923565857112,2,0,0.074204976670444,3,1,0.36020087567158,6,1,0.607370474841446,2,1,0.752738533774391,4,1,0.192200533812866,4.80129523202777,8.1803906795666,1,186
6,1,0.381221835035831,1,0,0.573606112040579,4,0,0.396210950799286,2,1,0.624530144967139,6,0,0.78003811603412,1,1,0.363614587113261,1,0,0.0986968050710857,2,1,0.729872526135296,2,0,0.326733070425689,6,0,0.05665936274454,4,0,0.14105447428301,6,0,0.330982049927115,0.98291935864836,2.92916639399649,1,187
1,1,0.169478398282081,2,0,0.825137758161873,6,0,0.570343824336305,5,1,0.727451608981937,1,1,0.141345931915566,5,0,0.742505918024108,6,0,0.144839009502903,4,0,0.0119364226702601,3,1,0.878692854661494,2,1,0.366297730943188,5,0,0.837215018691495,6,1,0.652582571143284,5.7443818077445,6.90165615528331,0,188
5,1,0.99962295149453,3,0,0.697393767070025,5,1,0.116616920568049,1,0,0.212193751474842,1,1,0.815440095029771,3,0,0.0571161732077599,4,0,0.800411962904036,3,0,0.334744764491916,6,1,0.679836150957271,6,0,0.609998801257461,1,1,0.127931393682957,3,1,0.13921392778866,0.331931281834841,0.516214409786827,1,189
4,0,0.172281613340601,4,1,0.569679371779785,5,1,0.510804512072355,3,0,0.317844264674932,2,0,0.669491448905319,2,1,0.216059198137373,6,1,0.0183188230730593,3,1,0.897506488254294,2,0,0.251684244023636,6,1,0.999650301644579,3,0,0.488235283410177,2,1,0.832885406212881,2.04309110995382,2.59759539738297,0,190
3,1,0.548413014039397,3,0,0.603260353440419,3,1,0.126443661749363,2,1,0.706861945800483,6,0,0.359717688756064,1,1,0.213434106903151,5,0,0.131440740544349,3,0,0.792792779160663,2,0,0.362574922619388,6,1,0.266379145206884,1,0,0.445260611828417,4,0,0.944966521812603,0.209503690712154,0.788749284687861,1,191
3,1,0.588928068056703,3,0,0.529565234668553,5,0,0.901706264587119,3,0,0.978355100844055,3,0,0.766732929740101,2,0,0.0616250091698021,5,1,0.221632821718231,2,0,0.705501824617386,1,1,0.570345473941416,1,1,0.179540358483791,3,1,0.64205879275687,4,0,0.626910024089739,0.0820967834442854,0.26641206505398,0,192
3,0,0.927986600669101,6,1,0.612724745180458,3,0,0.846766878385097,1,0,0.0912889917381108,1,1,0.597982139792293,3,1,0.106779819121584,5,0,0.788539914647117,4,1,0.16201222455129,6,1,0.770907197147608,2,1,0.321227643406019,3,0,0.434846942778677,2,1,0.695482746930793,6.17140950635076,8.19290370066447,1,193
4,1,0.640372697729617,4,0,0.0259571932256222,6,0,0.993027122225612,3,0,0.203742644749582,5,0,0.634857553755865,5,1,0.608991097658873,1,0,0.199718778720126,4,0,0.989194124471396,6,0,0.179009014740586,5,1,0.592946111457422,2,0,0.368432432413101,3,0,0.524669012054801,1.22202117927372,1.35282815476672,1,194
4,0,0.487533634295687,5,1,0.291674383217469,3,1,0.50399244739674,3,0,0.368117827456445,4,1,0.187650516396388,5,0,0.982199339196086,1,0,0.950088960351422,2,0,0.482286215294152,2,1,0.283716146601364,2,0,0.48873937362805,2,0,0.523087865905836,4,1,0.333774786209688,0.472133397124708,0.578748591554662,0,195
2,1,0.253437832230702,4,0,0.440838176989928,2,1,0.460800520377234,5,0,0.638593544252217,6,1,0.189245771383867,6,1,0.111224164254963,5,1,0.0704582748003304,4,1,0.0826864743139595,4,1,0.470396518474445,1,0,0.19832967617549,1,0,0.878975548548624,3,0,0.980014247121289,5.84067008458078,6.29375595224065,0,196
6,1,0.131614502519369,2,0,0.748191364342347,6,0,0.414435867918655,6,0,0.371777550317347,1,0,0.444795810384676,5,0,0.623109923675656,6,1,0.63204754749313,6,1,0.912595562404022,3,0,0.94751142966561,1,0,0.809475165093318,5,1,0.730690662981942,1,0,0.259268312016502,2.65262578614056,3.75050755933064,1,197
2,1,0.449664837680757,5,1,0.915931152179837,5,0,0.625302991131321,6,1,0.685795288998634,5,0,0.591803781688213,1,1,0.406540154479444,1,0,0.954024991486222,6,0,0.720278956228867,4,1,0.622420171974227,5,1,0.956922354409471,6,0,0.0875863949768245,1,0,0.882353054592386,0.414717826060951,0.699031375626873,1,198
4,0,0.789089967263862,3,0,0.10289343376644,2,0,0.307020077481866,6,0,0.529050213983282,4,1,0.970887340605259,5,1,0.882531616371125,6,1,0.681350166909397,3,1,0.250296999933198,3,1,0.276627462357283,4,1,0.397311115404591,3,1,0.71926632639952,6,1,0.788125654216856,2.57137499283999,5.95298048870915,0,199
5,1,0.949743764009327,2,1,0.142568040173501,3,1,0.2293093893677,5,0,0.31970166717656,1,1,0.264870091574267,5,0,0.756921904627234,6,0,0.44535495666787,6,1,0.891680922126397,3,0,0.634211009833962,3,0,0.631583204958588,3,1,0.895941539434716,3,0,0.161788571625948,0.277777318842709,0.291940878467377,1,200
1,1,0.361604516394436,6,1,0.271415195195004,4,1,0.153367392485961,3,0,0.224061948014423,1,0,0.733589829877019,4,0,0.925480564823374,6,1,0.0758459505159408,2,1,0.796001992886886,4,0,0.62060851813294,2,0,0.245954542886466,4,1,0.0365851346869022,2,0,0.400213625049219,0.979213858954608,1.3641527419289,0,201
5,0,0.306042858399451,4,1,0.612184037221596,2,1,0.972175755770877,2,0,0.802520569879562,3,1,0.718429843662307,1,1,0.264937699306756,2,0,0.0131947353947908,6,1,0.936591962818056,1,0,0.164218134712428,2,1,0.277527288999408,2,0,0.265442883595824,1,1,0.538378739962354,1.13570771645755,4.06176787606606,1,202
4,1,0.367767893476412,2,0,0.89208163251169,4,0,0.996803596382961,6,0,0.730811044340953,3,1,0.505710352910683,3,0,0.990724239032716,2,0,0.265902172541246,6,0,0.890247971285135,2,0,0.436932290671393,5,1,0.88619760540314,3,1,0.859079449437559,6,1,0.162979185814038,0.527809374034405,0.55570016692703,0,203
2,0,0.30205925507471,5,1,0.902853560401127,4,1,0.703029325930402,1,1,0.654476173454896,1,1,0.411762928124517,2,1,0.927061094669625,2,0,0.63462106930092,5,1,0.26579896430485,2,0,0.525436144787818,4,1,0.00101863406598568,3,1,0.844661248615012,1,1,0.820381281431764,1.40058516990393,1.47709813912824,0,204
5,1,0.0584464340936393,5,1,0.0505859253462404,4,1,0.505097418790683,6,0,0.59107325784862,2,1,0.146960697602481,3,0,0.292346296599135,6,0,0.737435614923015,2,1,0.537098040105775,1,1,0.124860244104639,1,1,0.69531454378739,3,1,0.45504219760187,2,0,0.549790886463597,1.32629834115505,3.63406700905362,1,205
4,0,0.910469694528729,2,0,0.126963480608538,1,0,0.388787625357509,1,0,0.0626828230451792,4,1,0.969224211527035,1,0,0.0624808559659868,4,0,0.205373015953228,3,0,0.940348517382517,4,1,0.34511895198375,5,0,0.416521295672283,4,1,0.220525221433491,3,0,0.734371876576915,7.01222475618124,9.46172123309682,0,206
4,0,0.149091309169307,3,0,0.452198087470606,1,0,0.713480752892792,3,0,0.0619130567647517,3,0,0.948609926505014,4,1,0.162647620541975,3,1,0.332582706119865,5,1,0.318611961556599,2,1,0.581954366760328,5,1,0.402444159146398,5,1,0.636779775377363,3,1,0.153495352016762,0.16828638035804,2.53051769850543,0,207
3,0,0.534857796505094,6,1,0.336472029564902,1,0,0.418752953177318,6,0,0.717690251069143,4,0,0.290907630929723,3,0,0.186267294222489,6,1,0.725560118211433,3,1,0.139051726087928,1,1,0.737370694288984,1,1,0.195518589345738,6,0,0.761467459378764,5,0,0.374115417478606,0.114757451228797,0.168738213274132,0,208
6,0,0.342600670643151,4,0,0.284774527186528,5,0,0.388642296427861,4,1,0.221920650685206,6,1,0.927512261085212,2,1,0.453072573291138,1,1,0.370344165479764,5,0,0.263948084088042,4,0,0.358071071328595,3,1,0.921816512709484,6,0,0.853605008451268,4,1,0.806527685141191,0.308417365886271,1.2887523137033,0,209
4,1,0.704598498530686,5,0,0.0678423861972988,1,1,0.624992198077962,4,0,0.443704108940437,4,1,0.337312819436193,3,1,0.132118469569832,2,1,0.0363315159920603,2,0,0.970868952805176,3,0,0.875932663679123,3,1,0.381593391299248,4,1,0.281628209166229,4,0,0.808051378466189,0.19723258446902,1.01738515928919,1,210
4,1,0.536068066256121,5,1,0.0690173781476915,1,0,0.00598393916152418,2,0,0.245309130288661,5,0,0.198054036125541,4,1,0.180013096891344,1,0,0.129183306824416,1,1,0.1086931519676,2,0,0.138785463059321,1,1,0.0416370118036866,4,1,0.485665382817388,4,1,0.689581461017951,0.231092679314315,1.13728153596943,0,211
4,0,0.932174849323928,6,1,0.757157123880461,4,0,0.778237549588084,5,1,0.843127784086391,4,1,0.176052418304607,3,1,0.345242611132562,4,0,0.0562980456743389,1,0,0.250752022955567,4,0,0.0375338001176715,2,0,0.0809993336442858,6,0,0.439714301144704,3,0,0.578081931918859,5.50270930398256,8.3961899588428,0,212
2,1,0.943759066751227,2,1,0.929429728770629,2,1,0.879486091434956,6,0,0.700995523715392,2,1,0.246207282645628,2,0,0.0911012331489474,1,0,0.80465750885196,5,1,0.458737361943349,5,0,0.529713633470237,3,0,0.980260313488543,6,0,0.295011560432613,6,0,0.438493836438283,0.406902283430099,0.688230759947485,1,213
1,1,0.809700370766222,5,1,0.247662334004417,3,1,0.562103264266625,4,0,0.511478088330477,6,1,0.365044067846611,3,1,0.282281837193295,2,1,0.425148108042777,1,1,0.438548655249178,2,1,0.860760839423165,1,0,0.188714838121086,3,1,0.122503080638126,3,1,0.422625471372157,0.343830906786025,0.480232538989927,1,214
4,1,0.565672869328409,3,1,0.562133806757629,5,0,0.677142646629363,6,1,0.163934579584748,6,0,0.638452414423227,4,1,0.292501026764512,6,0,0.0753793746698648,2,0,0.299023467348889,6,1,0.769119429867715,1,1,0.840514518553391,1,0,0.765868657268584,1,0,0.458584207808599,0.675832270644605,0.83378557500638,1,215
2,0,0.690012311097234,1,1,0.746473977807909,3,0,0.603674665791914,2,0,0.564175665611401,2,1,0.153790071140975,4,0,0.754853968275711,2,1,0.189958281349391,5,1,0.698959900764748,6,1,0.868305821437389,6,0,0.171671959804371,6,0,0.288711802102625,3,1,0.00587952206842601,7.43724510539323,9.12700141307416,0,216
6,1,0.413597689243034,2,1,0.546139555051923,5,1,0.680076465709135,5,0,0.789917000802234,1,1,0.673492830945179,6,0,0.225234802346677,6,1,0.580744209233671,5,0,0.835982884513214,3,1,0.330754854017869,4,0,0.128153114113957,1,0,0.596980200149119,2,0,0.173226167680696,0.0832258956506848,0.4491441968518,0,217
3,0,0.402317169588059,4,0,0.225421579787508,4,0,0.36308569740504,3,1,0.0210938965901732,4,1,0.205724362982437,2,1,0.935670780483633,6,0,0.628211941802874,2,1,0.358229851350188,1,1,0.0600155184511095,2,1,0.475973099004477,2,0,0.395837191492319,2,1,0.636359706753865,3.03463882301003,4.34480168694458,0,218
3,1,0.0119762278627604,5,0,0.683891452150419,1,0,0.483147987630218,6,0,0.051772739039734,2,0,0.318885741522536,5,1,0.1238422493916,4,1,0.0589081679936498,6,1,0.75899566267617,2,0,0.962261622771621,6,0,0.687421949813142,6,1,0.806090799393132,3,1,0.884902941295877,0.756114139221609,0.888846903828105,0,219
5,1,0.233068859670311,5,1,0.467186600668356,1,0,0.309149389853701,4,0,0.281774351606146,2,0,0.958751816768199,2,0,0.97122261999175,2,1,0.601699432125315,3,1,0.162231946364045,5,0,0.434644385939464,6,0,0.755305867642164,2,1,0.742545787245035,6,1,0.49836911377497,3.61908366903663,4.92194901642389,1,220
3,1,0.217937225941569,2,0,0.932380578480661,3,1,0.718268561875448,2,0,0.515776661224663,5,0,0.103218862321228,1,0,0.371871989220381,3,0,0.0196746233850718,4,1,0.353515058988705,3,1,0.481853556586429,5,1,0.36178688146174,4,1,0.0417561759240925,5,1,0.822886567562819,4.4023705413565,4.89014512393624,0,221
6,1,0.808993576560169,1,0,0.654806601116434,1,1,0.123878021491691,5,0,0.141591974534094,5,1,0.928663647035137,5,1,0.320898825069889,5,0,0.980834475718439,1,1,0.996471527963877,6,0,0.739487170707434,1,1,0.0411198125220835,1,1,0.767617961624637,1,1,0.768601230345666,0.273267389275134,0.471450813193555,1,222
2,1,0.541325973113999,2,0,0.879407652188092,5,1,0.724364247638732,1,0,0.496617338852957,4,0,0.316400770796463,6,0,0.93050440470688,4,1,0.495084286201745,1,0,0.344772963318974,1,1,0.112270818790421,6,1,0.810513612581417,5,1,0.323307206388563,2,1,0.561589137651026,1.75169610884041,2.06649194599946,1,223
6,0,0.223447104450315,1,0,0.536370329093188,2,0,0.0810051276348531,4,0,0.928377483505756,1,0,0.496870368951932,4,1,0.761327099287882,1,0,0.779833936132491,4,0,0.274640034418553,5,1,0.968709934270009,1,1,0.391779511468485,6,0,0.411201319657266,3,0,0.146558181382716,1.58724864013493,2.00450824115409,1,224
2,0,0.335785165661946,3,1,0.944992096628994,1,0,0.195773744489998,2,1,0.810062145348638,3,0,0.23786815488711,6,1,0.033526869956404,3,0,0.409367183456197,2,1,0.526449272409081,1,0,0.621370044769719,1,0,0.382273634430021,1,0,0.522641562856734,4,1,0.556382167385891,2.49544577673078,3.20714651374146,0,225
6,0,0.656496286625043,1,1,0.654208597494289,2,1,0.903648633509874,1,0,0.222566372714937,4,1,0.220039765583351,6,1,0.00388885498978198,5,0,0.522308371262625,2,1,0.756724515464157,2,0,0.996479316381738,2,1,0.556948895798996,1,1,0.49517671437934,4,1,0.696603192482144,6.988066714257,7.45138165540993,0,226
3,0,0.696957609383389,2,0,0.0138381174765527,2,0,0.271248959936202,3,1,0.181555930525064,2,1,0.171923473011702,6,1,0.00678580091334879,2,0,0.191712169675156,6,1,0.857212027767673,6,1,0.601277462439612,2,0,0.0988940095994622,6,1,0.00408192374743521,2,1,0.172317772405222,2.44620663579553,2.58787443680394,1,227
3,0,0.297452352941036,3,0,0.833130991086364,1,0,0.636688750702888,6,1,0.688008543569595,4,1,0.947418584255502,4,0,0.647509030532092,4,1,0.836093314457685,2,0,0.117607817752287,2,1,0.906091744545847,3,0,0.356940616620705,1,0,0.273272609570995,6,0,0.11702895257622,1.00523442961276,2.89267685030692,1,228
4,0,0.396184890763834,2,0,0.0223829778842628,4,0,0.873293181648478,4,0,0.0193978040479124,6,0,0.538120531477034,6,1,0.189155295258388,1,0,0.0143407299183309,1,1,0.454793941229582,4,0,0.0238459419924766,3,1,0.121401351410896,4,1,0.541889994172379,3,0,0.641089458018541,1.74663576763123,2.41435974665567,0,229
2,1,0.500004759058356,6,1,0.46523634926416,2,1,0.880512814503163,5,1,0.477000586455688,1,0,0.569970126729459,4,0,0.185341539327055,1,0,0.829561885911971,4,0,0.816300961188972,4,0,0.0968631142750382,4,0,0.338023111922666,3,0,0.536465117475018,3,0,0.774953896645457,0.687654362991452,1.55031294247888,0,230
4,1,0.979932918678969,4,0,0.460668455343693,3,0,0.472686177352443,1,0,0.404319467721507,6,1,0.174214801751077,4,0,0.382351640611887,1,0,0.787294613430277,5,0,0.84714141744189,6,0,0.150923573644832,6,0,0.0825763354077935,1,1,0.54420463880524,2,0,0.164885863196105,0.721661257557571,1.07767733905014,1,231
4,1,0.793372325832024,5,1,0.19647604576312,6,0,0.293934552697465,2,1,0.161224279552698,3,1,0.454913544934243,3,0,0.627182896714658,6,1,0.146275615785271,6,1,0.850251619005576,5,1,0.671632257523015,1,0,0.322420307435095,5,0,0.0567098190076649,6,0,0.378626750316471,0.627577188424766,0.994401250469353,1,232
1,0,0.753225459717214,1,0,0.6611728456337,1,0,0.198184770299122,5,1,0.320564968045801,5,0,0.70378274214454,3,0,0.356756238965318,2,0,0.57436283887364,5,1,0.350539543665946,5,0,0.795209066243842,2,1,0.126194977201521,3,1,0.578859019558877,1,1,0.330854501575232,2.71737785078585,3.06664511119049,0,233
3,0,0.606081025442109,6,1,0.718612323515117,2,1,0.535323064541444,1,1,0.94785821903497,1,0,0.93927005212754,3,0,0.658170360373333,2,1,0.682669059373438,2,1,0.0422478765249252,4,0,0.819848973536864,6,1,0.301064962754026,5,0,0.610007277457044,6,1,0.614724012557417,5.31537574715912,5.40798016678741,0,234
1,0,0.291302043711767,2,1,0.523959646932781,2,1,0.819094125414267,2,1,0.79892112640664,6,1,0.780854803742841,1,1,0.254273194354028,3,1,0.696272803936154,4,1,0.802336293738335,4,1,0.528755383798853,5,1,0.130331869004294,1,1,0.480077578919008,1,1,0.748572387965396,1.68835290241987,1.85684441763865,0,235
3,0,0.349007593933493,4,0,0.232699393993244,6,1,0.320583399152383,6,0,0.884265392785892,6,0,0.863446856150404,3,0,0.0914944449905306,4,0,0.726903449511155,2,1,0.80959587241523,3,0,0.293798475526273,2,0,0.529830861371011,2,1,0.429638252127916,5,1,0.164885615697131,1.83106993790716,3.32300252486765,1,236
2,1,0.364771753549576,2,1,0.155881046550348,3,0,0.246461361413822,6,0,0.161907496862113,5,0,0.336887083016336,5,0,0.0766387577168643,3,1,0.28463568771258,4,1,0.356320258928463,1,1,0.798061722423881,1,0,0.604055966017768,5,1,0.447556030470878,3,0,0.154528274666518,4.37336671166122,5.04733692343163,1,237
4,1,0.372681923676282,3,0,0.238890597829595,2,0,0.949368217028677,3,1,0.0472767711617053,2,1,0.685330356471241,1,0,0.873535535531119,4,1,0.499142015120015,6,0,0.281728718662634,5,0,0.600196646060795,3,0,0.0564148656558245,6,1,0.728799209697172,5,1,0.44298417144455,1.38878531288356,3.03166497026088,0,238
1,1,0.128495623823255,5,0,0.163144186837599,5,0,0.36886949907057,4,0,0.57316356129013,6,1,0.246466863900423,3,0,0.440569331170991,6,0,0.900628343457356,4,1,0.947391389170662,4,1,0.0642268194351345,5,1,0.46930777747184,4,0,0.454872819362208,6,1,0.871412312844768,20.5967692891136,20.7616380796147,0,239
6,0,0.95352219347842,2,1,0.584396615624428,5,0,0.636857475386932,6,1,0.599161884747446,1,1,0.163737697759643,2,1,0.949126430088654,5,1,0.0884514215867966,5,1,0.763248915784061,5,0,0.97295971121639,4,1,0.436746512539685,2,1,0.849546482320875,2,1,0.432322536827996,0.247305608354509,5.07064876520098,0,240
3,1,0.115461037028581,4,0,0.842559485696256,5,1,0.178245324641466,2,1,0.647958261193708,6,1,0.765921996207908,3,1,0.721285323612392,4,1,0.843845118768513,3,0,0.170753863174468,5,1,0.684420715551823,6,0,0.0200484481174499,6,0,0.488289912231266,3,1,0.707039613043889,3.28658963553607,4.48910285828503,0,241
3,1,0.00198374059982598,2,0,0.186811193590984,3,0,0.33022433752194,2,0,0.00240597198717296,2,0,0.372647210722789,4,1,0.664519535377622,5,0,0.125690090935677,4,1,0.379859029548243,3,1,0.915185577468947,5,0,0.026979235233739,5,1,0.730294144945219,4,1,0.201898790663108,1.77952833473682,3.58561552743566,0,242
1,0,0.31731268344447,5,0,0.905968746636063,3,1,0.467857493087649,4,1,0.71506300708279,1,0,0.931531016714871,3,1,0.0608771345578134,4,0,0.572912964504212,3,1,0.0958219065796584,2,0,0.146305796690285,1,0,0.0815656811464578,2,1,0.389824176905677,6,0,0.804483039537445,2.24898103624582,4.36670926237307,0,243
2,0,0.733074471820146,5,1,0.424197104759514,4,1,0.394005300709978,6,1,0.124188240617514,6,0,0.288973780581728,3,1,0.966513606952503,6,0,0.379100470570847,5,1,0.837409546365961,5,1,0.996473988285288,6,0,0.43713765591383,3,1,0.120963003952056,1,1,0.383971648057923,0.184594537131488,0.351234723902414,0,244
1,0,0.0276630346197635,2,1,0.235689481021836,5,0,0.570282862288877,1,1,0.45355087495409,3,0,0.417580411070958,4,0,0.985758090391755,1,1,0.598531253635883,5,0,0.430794644868001,6,0,0.459329379256815,2,1,0.167604221729562,5,1,0.00125400023534894,1,0,0.276841852813959,1.44932442344725,1.91362063710888,0,245
2,0,0.0137779219076037,4,0,0.930294332327321,6,0,0.783627173164859,2,1,0.45699853845872,3,0,0.467371663544327,2,0,0.8744955889415,2,0,0.770917324349284,4,0,0.700103121576831,3,0,0.758516347268596,3,1,0.0391233477275819,4,0,0.785643224837258,5,0,0.204348355298862,0.333945383317769,2.15389438121718,0,246
5,1,0.304183314554393,1,0,0.393631211249158,4,0,0.695492628030479,5,1,0.294981960440055,6,0,0.91967183817178,1,0,0.00711345835588872,4,1,0.350302643142641,6,0,0.334873527521268,2,0,0.221532889408991,4,1,0.181490652030334,3,0,0.923815472051501,4,0,0.110030753538013,1.49946846067905,2.33266147865799,1,247
2,0,0.392545076785609,5,0,0.896290940931067,2,1,0.230118092149496,4,1,0.622549871215597,1,1,0.87181085627526,4,0,0.69658147636801,2,1,0.88910218141973,6,0,0.256155275274068,4,1,0.408978055929765,2,0,0.319511270150542,3,1,0.872239599004388,1,0,0.0700911600142717,2.4118076544255,3.82663995012001,1,248
6,1,0.866850457387045,4,0,0.961640276480466,2,1,0.0673627341166139,4,0,0.400773607427254,5,0,0.774121379945427,3,1,0.822853657416999,6,1,0.798245016252622,1,1,0.327995964558795,4,1,0.255500382976606,4,0,0.427562943194062,3,1,0.853718418162316,6,1,0.308426168980077,0.195152242667973,0.566153977371999,1,249
4,1,0.178233113605529,4,0,0.161778156878427,6,0,0.653879989869893,5,0,0.666637516347691,6,1,0.485934398137033,1,0,0.748281768057495,6,1,0.2681428657379,3,1,0.900753009133041,2,1,0.267935670679435,3,0,0.784732219297439,3,1,0.294162576086819,4,0,0.0460081091150641,1.09036720823497,2.91755155355234,1,250
4,1,0.49649972631596,6,1,0.735682207392529,5,0,0.514861193951219,6,0,0.511885514482856,4,0,0.314776960294694,4,1,0.946500957710668,4,1,0.820741989417002,2,0,0.315385423833504,4,0,0.893969833850861,4,0,0.205636844970286,2,0,0.0886156931519508,1,1,0.393343569710851,0.138029688969254,0.291278320419878,1,251
1,1,0.379694717703387,1,0,0.7326806767378,6,0,0.329932425869629,6,0,0.546338627347723,2,0,0.727073391899467,5,0,0.200900329975411,1,1,0.136775508522987,6,1,0.494462502188981,2,1,0.372349818469957,3,1,0.260517155751586,6,0,0.946979510132223,5,0,0.536723997443914,0.182687188498676,0.325530687502275,0,252
1,0,0.190654986305162,2,1,0.168071723775938,4,0,0.0700120474211872,6,0,0.454709727549925,1,1,0.466615043114871,5,1,0.543424812844023,5,0,0.229988543083891,4,0,0.926474458072335,1,0,0.439988344907761,1,1,0.30962494504638,2,0,0.343388820299879,3,1,0.595829853788018,0.478881294839084,0.888309590221293,0,253
5,1,0.994402615120634,3,1,0.308056184090674,3,1,0.372955043334514,4,1,0.254633051808923,5,1,0.467504654545337,6,1,0.402618274791166,5,0,0.38135761464946,4,1,0.511085234582424,5,1,0.571746533736587,6,0,0.806552234804258,4,0,0.546848125988618,3,0,0.583032639930025,0.033350195735693,0.433136547619636,1,254
3,1,0.0287770782597363,3,1,0.369283347157761,6,0,0.661570267984644,6,1,0.96958516491577,2,0,0.751109717180952,4,0,0.559367819223553,6,1,0.574353668605909,1,0,0.84810119564645,3,1,0.492052205139771,1,0,0.178276178427041,2,0,0.261913349619135,2,0,0.610249259741977,2.1999457385391,2.69806977439051,0,255
1,1,0.973458071704954,1,1,0.391156719764695,1,0,0.993189041968435,5,0,0.325127155287191,5,1,0.637992990901694,5,0,0.78637989750132,2,0,0.813059457112104,1,0,0.990562583552673,1,0,0.983217098051682,4,1,0.511744658229873,1,1,0.721985039766878,6,1,0.554957546759397,0.0923736952245235,0.187305066388693,0,256
3,0,0.771742516895756,3,0,0.654251881176606,2,0,0.938298085238785,2,0,0.579884642036632,5,1,0.0647696268279105,5,0,0.639268008526415,4,0,0.465432925149798,5,1,0.235867963172495,5,1,0.287083098199219,4,0,0.00732568721286952,3,1,0.566529777133837,2,0,0.195305648259819,3.31499753519893,4.2110756687875,1,257
4,1,0.494979990413412,6,0,0.262119110440835,1,0,0.716896655037999,3,0,0.669989384943619,1,0,0.936659009428695,3,0,0.0976664586924016,2,0,0.927361990790814,2,1,0.182245160685852,2,0,0.2014389205724,2,0,0.0833373188506812,1,1,0.365146582247689,1,1,0.141459151171148,0.229459372349083,1.26806918908724,1,258
5,1,0.392606058623642,6,1,0.14170073508285,6,1,0.530812706798315,4,0,0.726697869366035,2,1,0.113419594243169,4,1,0.100576899014413,1,1,0.451004420872778,5,1,0.417698831530288,6,0,0.234071852872148,6,1,0.540143384365365,4,1,0.0388886027503759,4,1,0.857617527944967,2.01388925779611,2.02844899543053,1,259
5,1,0.105305870063603,1,1,0.160383197246119,5,0,0.445549868512899,1,0,0.260566952638328,3,0,0.915664786472917,1,0,0.717003667261451,2,0,0.241632754914463,3,1,0.487437502481043,4,1,0.842857907293364,2,1,0.14581131725572,1,1,0.151505383197218,1,0,0.962407557293773,2.40157172083855,2.42863166999693,0,260
5,1,0.356070565991104,6,0,0.793277471791953,5,1,0.436042529297993,4,1,0.188718297285959,2,0,0.575179452542216,2,1,0.896348874084651,1,1,0.812980100978166,6,0,0.886117108399048,1,1,0.162394860060886,2,0,0.335547087481245,1,0,0.393262620549649,2,1,0.676185626769438,0.220234855078161,0.975115023708592,0,261
5,1,0.780769941862673,2,1,0.582859733374789,5,1,0.0630923439748585,4,1,0.917648096801713,3,0,0.415886262664571,4,1,0.710917113814503,3,0,0.268673439742997,3,0,0.0284929822664708,6,1,0.517699390649796,5,0,0.488280542427674,6,0,0.809956049313769,6,0,0.749354807427153,0.497742905281484,0.624221517985501,0,262
2,1,0.637963134329766,4,0,0.357464746804908,5,0,0.715321712894365,3,0,0.382982645416632,6,1,0.701969143468887,5,1,0.452602728502825,6,1,0.637925695395097,5,0,0.309443425154313,1,1,0.571098441956565,4,0,0.711218509590253,3,0,0.177170817507431,6,0,0.932229310274124,0.851680990308523,1.26053693840322,1,263
5,0,0.789269734639674,6,1,0.740441319998354,5,1,0.941923588048667,4,1,0.620523618767038,6,1,0.999023383948952,3,1,0.0526096054818481,6,0,0.916352949570864,1,0,0.899874794762582,3,1,0.000365829793736339,4,1,0.154920753324404,3,0,0.765559617895633,6,1,0.937115385197103,9.20148659497499,9.67034495435655,0,264
6,1,0.807865056907758,6,1,0.492883616359904,3,0,0.846515059703961,5,1,0.919497212627903,4,0,0.951260528061539,3,0,0.598939692601562,6,1,0.419838986825198,5,0,0.249220103491098,5,1,0.591211603954434,6,1,0.357247633393854,3,1,0.987585560185835,3,1,0.0918999123387039,0.247339950874448,0.639706940208744,1,265
6,0,0.0669676472898573,1,1,0.051723949611187,3,0,0.411349484231323,3,1,0.377358025172725,4,1,0.892304580425844,4,0,0.6621583790984,3,1,0.839664751198143,2,1,0.353779890341684,4,0,0.957848570309579,4,1,0.503673687577248,1,1,0.797837377991527,6,1,0.114071198506281,0.697168870829046,1.4544932967803,1,266
5,0,0.463041425682604,3,1,0.710103404009715,3,1,0.38743008277379,1,1,0.968868743628263,1,1,0.810243003768846,6,0,0.373084398452193,1,1,0.405549784889445,2,0,0.944381865672767,2,0,0.306271670851856,2,1,0.70059258188121,1,0,0.0615307698026299,4,0,0.663272815523669,2.48330202884972,3.20531137861721,1,267
5,0,0.721013686154038,5,0,0.521634584991261,3,0,0.879668437410146,3,0,0.137731525115669,6,1,0.654751553433016,2,0,0.275594127830118,3,0,0.558895706664771,3,0,0.895927069708705,3,0,0.985855992184952,4,0,0.653647198807448,1,0,0.406164223328233,5,1,0.313108624890447,3.07709281332791,5.06045032703698,0,268
2,1,0.674881997983903,2,1,0.0731462116818875,6,0,0.22668371675536,1,1,0.178507011616603,5,1,0.420023216865957,1,1,0.75239522731863,6,1,0.859953483566642,1,1,0.786973458481953,2,0,0.899157023057342,1,1,0.563378354068846,6,1,0.294327943352982,1,0,0.200074026826769,0.562482513487339,0.988692413289881,1,269
3,0,0.200270208995789,2,0,0.511924909893423,1,0,0.436755881179124,1,1,0.89050611294806,5,0,0.819730493007228,5,0,0.23801284423098,3,0,0.19012490590103,1,0,0.690623557195067,1,0,0.434379247715697,4,0,0.419259804999456,1,0,0.515462200623006,6,1,0.697051038499922,0.813009450212121,1.05054699117318,0,270
5,0,0.416621239855886,5,1,0.920948118902743,4,0,0.170744318049401,1,0,0.319162784842774,6,1,0.677706925896928,1,1,0.489094732096419,4,1,0.913211278384551,2,0,0.734125370159745,2,1,0.970242664217949,2,0,0.129479678580537,2,1,0.591456228867173,1,0,0.943954957881942,1.7918391386047,2.7726433829699,1,271
5,1,0.219470030860975,3,0,0.748559480533004,4,1,0.297788653057069,2,0,0.587722655152902,1,0,0.957199247321114,4,0,0.042027415940538,4,0,0.244624945800751,6,1,0.406148093752563,6,0,0.93193844310008,1,0,0.607765252003446,1,0,0.904593355720863,6,0,0.489818764384836,3.11773631256074,4.33052505168127,0,272
2,0,0.0244625087361783,6,1,0.912679350236431,1,0,0.281884598312899,4,1,0.881841344758868,5,1,0.276795397512615,5,0,0.865336709655821,1,0,0.672180102905259,2,0,0.577797929756343,6,1,0.101662668865174,4,1,0.903995143249631,1,0,0.783821578370407,2,1,0.234941282076761,2.11800879333168,4.4144290801177,1,273
1,1,0.113417719723657,2,0,0.817563026444986,4,1,0.114622168475762,3,0,0.505226826760918,5,0,0.525091717019677,6,1,0.686115570832044,3,0,0.34139424841851,2,0,0.574889193987474,2,0,0.171902190661058,5,1,0.859465802554041,4,0,0.123071245383471,3,1,0.139650987461209,5.35132188815624,6.87892605437705,0,274
1,1,0.269403405254707,2,0,0.263431128812954,2,1,0.685148075222969,5,0,0.803544159512967,3,1,0.426304830238223,3,0,0.4006389437709,2,1,0.940601379610598,2,1,0.493763297097757,5,0,0.234870397951454,2,1,0.589569920208305,6,1,0.867558271391317,4,0,0.312120293499902,1.63641246035695,2.5809196881203,1,275
3,1,0.50750940060243,4,1,0.730180828599259,4,1,0.983204372227192,4,1,0.461720074294135,5,0,0.381074627395719,4,1,0.730428438168019,1,1,0.909272630698979,2,1,0.00394541095010936,5,1,0.712753901490942,5,1,0.508725686464459,6,1,0.943495129002258,6,0,0.375844632973894,1.21395767200738,1.68724670255705,1,276
4,1,0.368089530151337,4,1,0.0320633603259921,2,1,0.199975114548579,6,1,0.85932097886689,2,0,0.661339584039524,5,1,0.602380624972284,5,0,0.64226697338745,1,0,0.00318525871261954,2,1,0.95792429917492,4,1,0.567627911455929,1,1,0.0842688390985131,2,1,0.946708117146045,1.0180592071265,1.1263545692273,1,277
4,1,0.0857605973724276,4,1,0.8321153963916,3,1,0.148213929263875,5,1,0.468167268903926,1,1,0.162011271342635,2,0,0.658197931945324,3,0,0.587820115266368,4,1,0.591561095323414,5,1,0.564057792304084,2,0,0.573693491984159,5,0,0.832938342820853,2,1,0.833219822729006,5.64603030215949,6.00369247146653,1,278
3,0,0.983760030241683,5,0,0.285542120225728,6,0,0.631335289916024,2,1,0.146549813449383,5,1,0.359306854195893,4,1,0.90235250047408,4,1,0.667738555697724,1,0,0.97042537597008,5,1,0.861054120585322,4,0,0.547305529005826,4,1,0.767766812816262,4,1,0.84948097448796,1.2479949509725,2.50764786795063,0,279
5,1,0.0232894700020552,5,0,0.177232559770346,5,1,0.884666016791016,2,1,0.405936441617087,2,0,0.521559244720265,1,0,0.121435523964465,2,0,0.23125030961819,3,1,0.158006254583597,6,0,0.709589624777436,1,0,0.752095103031024,4,1,0.398669933900237,1,1,0.821193058975041,6.5915142185986,7.76591773115076,1,280
4,0,0.628853515023366,6,0,0.0904116628225893,1,1,0.341375148156658,5,1,0.246182426344603,1,1,0.849488970590755,5,0,0.575942352181301,1,1,0.943611619528383,6,1,0.207370750373229,5,0,0.388581307139248,4,1,0.432001797948033,1,1,0.924674948211759,5,0,0.86246451921761,2.16145499143749,2.22460314985507,0,281
3,1,0.0155342211946845,3,0,0.848840119084343,6,0,0.00338171888142824,3,1,0.11119832820259,4,1,0.556953698396683,4,1,0.908298628171906,2,0,0.800940379267558,6,0,0.596499162958935,2,1,0.765692008426413,4,0,0.395293856272474,5,1,0.327260729856789,4,1,0.225762162590399,5.59849862474948,5.88320197615152,0,282
2,1,0.145463924854994,5,1,0.485655675409362,3,0,0.119352195411921,4,0,0.204685846110806,5,0,0.943964686011896,3,0,0.525611520046368,1,1,0.211108351591974,5,0,0.499858704861253,4,0,0.729540661675856,1,0,0.178964944789186,1,0,0.0368899037130177,1,0,0.225292743183672,5.07607031613588,5.9066840276743,0,283
1,1,0.526779034873471,6,0,0.838888390455395,6,0,0.0068751045037061,3,1,0.735603200271726,4,0,0.937987573444843,2,0,0.886122509138659,5,1,0.681517311371863,3,1,0.132142543327063,5,1,0.0756216300651431,2,1,0.510593364946544,3,0,0.324728479143232,5,0,0.691467171534896,0.0705168349668384,0.959346034297191,0,284
2,1,0.542079984908924,3,1,0.658353270497173,5,0,0.68611624953337,5,1,0.853443582542241,4,1,0.0596565550658852,3,1,0.50157575821504,5,1,0.980439489940181,6,1,0.209310205187649,2,0,0.741384755587205,2,0,0.366946528898552,1,1,0.787990004988387,5,1,0.614150897366926,0.374799594283104,0.947715859704961,0,285
4,1,0.805175351444632,3,0,0.150213968707249,3,1,0.880510804010555,6,1,0.377622297732159,3,0,0.776761865010485,6,1,0.507146092364565,3,1,0.850709639023989,3,1,0.620175655698404,5,0,0.391759974416345,3,1,0.647902966942638,4,0,0.146845859475434,1,0,0.874046993907541,0.118686119094491,0.428551805546124,0,286
1,1,0.603830588515848,6,1,0.906974262092263,6,0,0.688206531573087,6,1,0.65711526828818,2,1,0.541557753458619,1,0,0.505742345703766,3,1,0.672445254167542,4,0,0.377510818885639,5,0,0.259947704616934,3,0,0.666515247430652,3,1,0.691954201087356,6,1,0.155434420332313,1.00672035478055,1.36241278533996,1,287
3,0,0.21672888356261,1,1,0.543015985982493,2,0,0.133065410424024,1,0,0.787623207783327,3,1,0.601687144953758,4,1,0.360074470750988,4,1,0.399088488891721,6,0,0.0430068001151085,6,0,0.70860239607282,3,0,0.345549296122044,4,1,0.0262222643941641,1,0,0.672622887417674,0.290279975160956,0.629657173218827,0,288
5,1,0.622855652589351,1,1,0.950109103461727,1,1,0.986772352596745,2,0,0.635529603343457,5,0,0.561213844455779,4,0,0.281490391120315,3,0,0.510401499690488,4,1,0.824560932349414,3,0,0.179723173379898,1,0,0.620606511598453,2,1,0.167054669931531,2,0,0.459644153248519,0.617095502093434,0.699204673680166,0,289
3,1,0.289043739903718,4,1,0.718460771022364,6,1,0.550947879906744,6,0,0.981178529793397,4,0,0.137695687124506,3,1,0.127885187510401,3,1,0.106037229532376,4,1,0.0593694064300507,2,1,0.728261011652648,2,0,0.733153107576072,3,1,0.700762501219288,4,1,0.620089663658291,3.03752033505589,5.06011891317128,1,290
1,1,0.667111521586776,2,1,0.0265918327495456,5,1,0.406233245972544,6,0,0.53010739875026,5,0,0.371727130841464,1,0,0.0927553144283593,3,1,0.598517149919644,6,1,0.521654464071617,3,0,0.594503991072997,3,0,0.285828499356285,5,1,0.652451446047053,2,1,0.816560634644702,2.26981099694967,3.57142299064506,1,291
1,0,0.760201451601461,3,0,0.211259343195707,6,0,0.514205438317731,4,0,0.814752638805658,3,0,0.2458471134305,6,0,0.112257387023419,4,1,0.55019616894424,4,1,0.825010837055743,1,0,0.619376922957599,4,1,0.569193120580167,3,0,0.111525476677343,5,0,0.934899206040427,3.19841166492552,5.03422473860733,0,292
5,0,0.306276659015566,6,1,0.753765762085095,3,0,0.766021595336497,3,0,0.136979123810306,6,1,0.74360735877417,6,0,0.346896979724988,2,0,0.490054983878508,3,1,0.534416090464219,6,1,0.74646626971662,1,0,0.882969704689458,4,0,0.377927731024101,1,0,0.244743084767833,4.16881463024765,4.17444808354705,1,293
2,1,0.575959666864946,2,1,0.207109147449955,1,0,0.98896937421523,2,1,0.231172219384462,4,1,0.926610395312309,3,0,0.651078838156536,2,1,0.692384961759672,3,1,0.958459737244993,1,1,0.629565122537315,5,0,0.29896568832919,3,1,0.34290725341998,5,0,0.202910597203299,0.110310385935009,0.545029394816121,0,294
6,1,0.112562533933669,2,0,0.955903314519674,1,1,0.612179970135912,5,1,0.826673702802509,5,1,0.422846746398136,1,0,0.98651864612475,4,0,0.175018576672301,5,0,0.27214029035531,6,0,0.191815041471273,4,0,0.96005249209702,1,1,0.716482693096623,2,0,0.869832873111591,1.45335565321147,1.48283617314438,0,295
4,0,0.94946393975988,6,0,0.702711909078062,4,0,0.00985713861882687,6,1,0.227203775197268,4,1,0.316076673800126,1,1,0.954926401376724,4,1,0.104709879262373,1,0,0.230353552382439,5,1,0.511285853106529,4,0,0.28954270016402,6,1,0.503960152389482,4,0,0.774939561728388,0.0959424069151282,5.29545090092447,0,296
1,0,0.642815416213125,6,0,0.637682279571891,1,0,0.164873728761449,3,1,0.672602261416614,3,0,0.927162900567055,1,0,0.263839493971318,1,1,0.0505340963136405,1,0,0.498749881051481,3,1,0.087706551887095,2,1,0.824260196881369,2,0,0.690114467637613,6,0,0.865592981921509,2.04922526609153,4.36183092503505,1,297
2,1,0.43032885924913,6,0,0.636249941540882,4,0,0.606945419916883,2,0,0.929641135735437,6,0,0.513486601877958,1,1,0.263413334032521,6,1,0.78683309094049,2,0,0.274140870198607,5,1,0.162883535493165,3,1,0.900431683519855,3,1,0.375832774676383,2,0,0.29580647055991,0.795392785221338,2.60413559816005,1,298
5,0,0.546463419217616,5,1,0.65305796940811,4,1,0.816810936667025,4,0,0.0468102258164436,6,1,0.132191837066785,2,1,0.704760135151446,4,0,0.320306568639353,5,0,0.987241506809369,5,0,0.691120187053457,5,0,0.185129436431453,1,1,0.99877792573534,3,0,0.174820865271613,4.59690066054463,5.55702353594825,0,299
2,0,0.358501132111996,1,0,0.956635867012665,2,0,0.773406138410792,4,0,0.283771320013329,2,0,0.471203992608935,3,1,0.357049928978086,3,1,0.0963640578556806,2,1,0.0383169597480446,3,1,0.499941333662719,3,1,0.335797887062654,6,0,0.706361977616325,2,0,0.765268210787326,1.27524021081626,3.37061458199556,1,300
5,0,0.0874226714950055,2,0,0.670669599669054,4,1,0.420719405869022,2,0,0.33598134550266,4,1,0.225513048702851,6,0,0.384064354700968,6,0,0.323804959421977,4,0,0.234716815873981,2,1,0.0925600386690348,1,1,0.088768630521372,1,1,0.0695217431057245,5,1,0.105881247669458,1.49146886542439,1.59882527979169,0,301
3,1,0.98467480042018,2,1,0.529123793356121,5,1,0.343190229032189,5,1,0.638057512929663,5,1,0.00276161357760429,6,0,0.178947692969814,5,0,0.0081021327059716,3,0,0.723589373985305,1,1,0.588302604621276,1,0,0.439022984122857,5,1,0.426894168602303,5,0,0.161931609269232,0.38275052793324,0.385189831536421,1,302
1,1,0.0191001382190734,5,0,0.138827356509864,3,0,0.556140568573028,5,0,0.55026165721938,6,0,0.0411660184618086,6,0,0.0358175055589527,3,0,0.919532333500683,5,0,0.735784797463566,5,0,0.215183296008036,2,1,0.926182424882427,2,0,0.163875729544088,3,0,0.413272605277598,4.00629953946918,6.37565291337721,1,303
4,1,0.448254398535937,5,0,0.305391740985215,3,1,0.954517847392708,4,1,0.321351202437654,1,0,0.458336843177676,3,0,0.90971330110915,6,0,0.311963768908754,4,1,0.979754243278876,1,1,0.0251521787140518,6,1,0.660701376618817,3,1,0.591989216860384,3,0,0.804523563943803,1.06724817305803,1.67741573493307,0,304
1,1,0.270746778231114,5,1,0.184576956555247,4,0,0.323262568796054,3,0,0.795411645900458,2,0,0.0531820601318032,3,0,0.612135585863143,1,1,0.584238904993981,3,1,0.680093273287639,1,1,0.104074516100809,2,1,0.314817720092833,5,1,0.285392781952396,2,0,0.923672013217583,0.57573092635721,1.36872184307625,0,305
2,1,0.094596344511956,5,0,0.282479686196893,1,0,0.122645212104544,5,1,0.636280670994893,3,0,0.744989675935358,1,1,0.658699851017445,1,0,0.563639123924077,2,1,0.185671276412904,6,1,0.907525384332985,2,0,0.431838225806132,1,1,0.111194025026634,5,0,0.701184657402337,5.08135219570249,5.80838142583768,0,306
6,0,0.472251822939143,3,0,0.807169354055077,6,1,0.776356761576608,5,1,0.787244658684358,5,0,0.287230903282762,6,0,0.994879158912227,1,0,0.982846583239734,2,1,0.438253321452066,6,0,0.116558560868725,2,0,0.111368900630623,6,1,0.371497426647693,5,1,0.870122654363513,0.723136821761727,2.56643721846271,1,307
5,0,0.745295166969299,3,1,0.469746088376269,4,1,0.552403589012101,3,0,0.75001655635424,2,0,0.120664211921394,1,0,0.278161934576929,5,0,0.663836903870106,4,1,0.0305596727412194,2,0,0.210639772936702,3,1,0.943389799911529,5,1,0.686083202948794,3,1,0.430801374604926,7.29731819592416,7.32336946530268,0,308
6,0,0.284515947569162,1,0,0.163087761029601,6,1,0.750201635528356,3,1,0.73529656114988,2,0,0.40289071877487,3,0,0.0597421466372907,6,1,0.0500791631639004,2,1,0.689146315678954,6,0,0.0170702377799898,1,0,0.10743587394245,6,1,0.154927836265415,5,0,0.854414526373148,0.462302472442389,0.485892485413255,0,309
3,0,0.536572801647708,3,0,0.443464007228613,5,1,0.660958552965894,1,1,0.935303138103336,1,0,0.106161414412782,6,1,0.342224477790296,5,1,0.788449259009212,2,0,0.351074862293899,3,0,0.00773006840609014,6,0,0.577099837595597,4,1,0.144455328350887,6,0,0.934749471023679,0.524828443303704,0.582014026000884,0,310
5,1,0.766587720718235,6,0,0.825043080374599,6,0,0.482408358715475,3,0,0.321619409136474,3,1,0.365989028476179,3,1,0.0955144336912781,4,1,0.34755571372807,4,0,0.668446733150631,1,0,0.166089219739661,1,1,0.208741621579975,6,0,0.54693294223398,3,0,0.701051194686443,0.128165236674249,0.662287649343585,1,311
3,1,0.672949491767213,6,1,0.748538404935971,2,0,0.376597324153408,3,0,0.385660032043234,2,0,0.583605147665367,5,1,0.929145967820659,1,0,0.0265244303736836,4,0,0.426929632434621,2,0,0.421720694517717,6,0,0.324312846409157,1,1,0.170569905778393,6,0,0.509829888585955,0.564042828045785,1.22098296192537,1,312
2,0,0.846425449009985,2,1,0.240320006152615,6,0,0.762052210280672,6,0,0.0925782446283847,3,0,0.804548628861085,1,1,0.709847951307893,2,0,0.0705818131100386,2,1,0.905882456107065,6,0,0.507113565690815,2,0,0.66408547735773,2,0,0.733873582445085,5,1,0.132275850512087,3.11696832068264,4.22216529100483,1,313
2,0,0.706808023154736,2,0,0.064424812560901,5,1,0.429517014184967,1,1,0.902475070208311,3,0,0.0534963654354215,1,0,0.979404052020982,1,1,0.374494029209018,4,1,0.483832880156115,2,1,0.0219997165258974,4,1,0.502291221870109,1,0,0.832832864951342,1,0,0.499260944779962,6.9087150041014,9.04580447350146,0,314
5,1,0.0738496372941881,1,1,0.310698324348778,5,0,0.38397299288772,5,0,0.116638386622071,1,0,0.274980798829347,4,1,0.564187082229182,2,1,0.637453119968995,1,0,0.41639488725923,6,0,0.461833914974704,1,1,0.487150303088129,1,0,0.299408074701205,2,0,0.718777279602364,0.178185990080237,0.408099783429255,0,315
6,1,0.947467308724299,3,1,0.0385250893887132,5,0,0.980395707301795,2,1,0.680995629401878,4,0,0.60703549021855,1,0,0.317979646613821,5,0,0.370656915241852,3,1,0.102205491624773,4,0,0.811620905995369,3,1,0.419353522127494,6,0,0.806945362593979,1,0,0.198202072409913,0.349629088304937,0.608615987778952,0,316
1,0,0.416916390415281,1,0,0.302415582584217,4,1,0.455820147646591,5,1,0.963947696844116,6,1,0.340131583157927,2,0,0.269567771116272,4,0,0.075928621692583,6,1,0.845310287317261,1,1,0.577411652775481,6,1,0.451793779851869,6,1,0.92453773599118,3,0,0.886208621086553,0.801378977485001,2.91515384215819,1,317
5,1,0.906797832809389,3,0,0.0604709407780319,5,1,0.780624437844381,5,1,0.851007895311341,1,0,0.847387089394033,2,1,0.414473925018683,3,1,0.758404253982008,3,0,0.960645420476794,1,0,0.853443056112155,6,0,0.549894275143743,4,0,0.394569981843233,1,0,0.12615288910456,0.0485278433188796,0.399786680369384,1,318
5,1,0.186582500115037,3,1,0.327450871001929,1,0,0.453777954680845,6,1,0.644952639006078,3,0,0.183046927442774,4,0,0.889883934985846,2,1,0.895558373769745,2,0,0.282376686343923,6,0,0.361870395718142,3,1,0.341904730536044,3,1,0.811161369318143,4,1,0.12445926386863,2.75273679289967,3.37094465618363,1,319
3,1,0.461028990801424,4,0,0.853260518517345,1,1,0.235479327151552,1,1,0.832093581790105,3,0,0.0738099406007677,1,1,0.969007559353486,6,1,0.0156119093298912,6,0,0.524937109556049,5,0,0.963128890143707,5,1,0.872249622829258,3,0,0.546641245484352,5,1,0.097325615119189,1.258275937289,3.47267792024784,1,320
2,0,0.262959692627192,5,0,0.131652584997937,3,0,0.215236539253965,2,0,0.0946693837177008,5,0,0.508652169955894,1,0,0.817951541161165,1,0,0.577767954440787,2,1,0.514523798599839,1,1,0.550683457637206,4,1,0.0105921407230198,1,1,0.785818409873173,2,1,0.081428412348032,1.59942172467709,1.78318922077477,0,321
1,1,0.649597317911685,6,0,0.821247258922085,1,0,0.121406077872962,4,0,0.0534717566333711,5,1,0.976727062370628,6,0,0.608068723930046,4,1,0.39857359486632,4,1,0.852959281532094,2,1,0.217191401636228,2,1,0.693543520523235,4,0,0.571065633557737,1,0,0.576378382509574,2.68303172197193,3.27125360856404,1,322
2,1,0.250339519465342,5,0,0.322683388367295,2,1,0.323203803505749,1,1,0.787808843888342,2,0,0.155329716159031,2,0,0.785561691736802,6,0,0.164822224061936,3,0,0.870171350659803,3,1,0.323762267827988,2,0,0.765660495497286,4,1,0.235435397364199,6,1,0.986023408127949,1.34065467864275,1.46066008756558,0,323
5,1,0.780842538690194,6,1,0.0521838376298547,3,0,0.843540725531057,2,1,0.858772002160549,1,0,0.652429882902652,1,0,0.916630925377831,4,1,0.44744735956192,2,1,0.719187362818047,1,0,0.332750052213669,2,0,0.872823518468067,4,0,0.137068932875991,1,1,0.664507162291557,0.372746726498008,0.383817773933212,0,324
1,0,0.927335711428896,2,0,0.112513878848404,4,0,0.733390798559412,6,0,0.707765607628971,6,1,0.664174081990495,1,0,0.958652284229174,5,1,0.193117009010166,4,0,0.628844938706607,5,1,0.8383686223533,3,1,0.917802721029148,6,1,0.480284627526999,3,0,0.314555071527138,8.45185795333236,8.65462452173233,0,325
3,1,0.657793316524476,4,1,0.714793082326651,3,1,0.556616991758347,6,0,0.79355014488101,1,1,0.0081981245893985,1,0,0.593504652846605,4,1,0.120268430327997,2,1,0.534015342593193,5,0,0.890347116626799,3,1,0.521003479370847,4,1,0.671464367769659,4,1,0.641671259887516,0.518022221513093,1.07228074402674,1,326
2,1,0.752835201565176,5,1,0.550503277219832,6,1,0.339270782424137,5,0,0.260184561833739,5,1,0.225882186554372,6,0,0.239480861695483,6,1,0.437921557575464,1,1,0.882262547733262,3,1,0.146871178410947,1,0,0.160834681708366,4,1,0.623156712390482,2,0,0.438286419957876,0.353658921085298,0.723128937832881,1,327
5,0,0.489316358231008,5,0,0.934534425381571,4,1,0.999630330130458,5,0,0.633160209981725,6,0,0.997289972612634,5,1,0.853031002683565,1,0,0.909347345121205,4,0,0.977861115941778,2,0,0.3680822821334,4,1,0.978375096805394,1,0,0.292310871882364,1,1,0.355688167503104,0.777737936004996,2.88694018491062,0,328
6,1,0.146288694581017,4,1,0.847640827065334,5,0,0.358991070883349,6,0,0.305386112537235,5,0,0.977705213241279,4,0,0.36704640602693,2,1,0.764537257142365,6,0,0.798745974665508,3,0,0.353935077553615,1,1,0.45015444047749,6,0,0.965889776591212,2,0,0.0366010654252023,0.602507148869336,1.10748624894768,0,329
5,0,0.910049457103014,3,1,0.556694949045777,4,0,0.0868863672949374,2,0,0.121586087858304,6,1,0.323585088131949,2,1,0.868779675336555,6,0,0.899310416774824,2,1,0.236235488671809,3,0,0.165420713601634,2,1,0.795034149894491,4,1,0.0959522246848792,6,1,0.891310449922457,1.03300658520311,2.55390422003828,0,330
5,0,0.527467077597976,5,0,0.284713410073891,2,0,0.41401627403684,3,1,0.958170754602179,4,0,0.793805514927953,3,1,0.453544773161411,6,1,0.84026757418178,3,0,0.990908501902595,4,1,0.0915697305463254,5,1,0.419139173114672,1,1,0.165784436045215,1,0,0.748036875156686,2.48628633562475,4.83419698994125,1,331
5,0,0.771836713887751,2,0,0.640400419943035,5,1,0.253987987525761,2,0,0.127227121265605,1,0,0.61443837848492,2,1,0.17802961030975,2,1,0.119077830808237,6,0,0.633642772911116,1,0,0.504435659153387,4,0,0.280568658607081,5,1,0.243216070579365,1,1,0.371354453731328,4.78035234846175,5.47067144652829,0,332
4,0,0.0548758236691356,3,0,0.973078125854954,5,1,0.00194798200391233,5,0,0.375559258041903,1,0,0.127011739881709,1,0,0.884913818910718,3,0,0.346753275254741,4,1,0.679605975514278,4,1,0.65331513970159,2,0,0.955568717094138,2,1,0.796241181902587,4,0,0.760120431194082,0.242628855630755,0.362230804581614,1,333
1,1,0.327557078562677,4,0,0.395078702131286,4,1,0.0966779307927936,3,0,0.339813314843923,3,1,0.774340573465452,6,1,0.497605807380751,5,1,0.77574216062203,2,1,0.903888668864965,3,1,0.431666151853278,2,0,0.207748730434105,4,1,0.911405165679753,6,0,0.319060910260305,3.00364277791232,3.04431289201602,0,334
4,1,0.41678412957117,1,0,0.504911201074719,2,1,0.47929533966817,3,1,0.657214240869507,1,1,0.78891301038675,6,0,0.332740794168785,1,0,0.760930631309748,6,1,0.571043589152396,6,1,0.510302340378985,5,1,0.937450261553749,1,1,0.46869150060229,3,0,0.00163395283743739,1.22200790792704,2.24464745956479,1,335
4,1,0.23061276297085,2,0,0.189217287115753,6,1,0.0695872018113732,5,0,0.180903023574501,3,0,0.531399317085743,4,1,0.0643369746394455,2,1,0.235562219982967,4,1,0.630402061389759,6,0,0.835268291179091,1,1,0.730205049039796,2,0,0.413453698623925,6,0,0.570888575166464,2.143713994883,3.52931807051116,0,336
1,1,0.126819404307753,3,1,0.48459110618569,2,1,0.395304812584072,3,1,0.13475462119095,6,1,0.419779354240745,3,1,0.273396692005917,3,0,0.671073505887762,1,1,0.620473233051598,5,1,0.660915566375479,6,1,0.106993164634332,3,0,0.568942414363846,1,1,0.925291609484702,3.04297253023833,4.53209418537415,0,337
6,1,0.197503181407228,6,1,0.671328423777595,5,0,0.740148831857368,6,1,0.694648967590183,3,0,0.258182694204152,3,0,0.309261143906042,2,0,0.143706411821768,5,1,0.5932799752336,4,0,0.143749142764136,3,0,0.330780207179487,1,0,0.0118015061598271,4,0,0.243010983569548,0.237025669775903,1.20306568608309,0,338
1,0,0.473110297461972,1,1,0.958867107052356,3,1,0.647610574960709,6,0,0.16469255858101,3,0,0.135270279832184,5,0,0.444808713160455,2,1,0.290847119875252,3,0,0.709584020078182,2,0,0.0658664747606963,1,0,0.737891248194501,6,1,0.24026592541486,1,0,0.0583340995945036,1.94591202307492,4.1248997967611,0,339
4,1,0.0901106232777238,2,1,0.532987652579322,4,1,0.204342841170728,3,1,0.345037515973672,5,1,0.4031088326592,5,1,0.072494886117056,6,1,0.0574706357438117,4,1,0.166630299994722,5,1,0.343346265377477,1,0,0.132911641849205,5,0,0.696441962616518,3,0,0.767354008508846,5.91294455807656,6.75701296437683,1,340
6,1,0.544155085925013,6,0,0.630106238182634,4,1,0.91819282877259,2,1,0.726590216159821,1,0,0.413003743626177,3,1,0.0955073630902916,3,0,0.504216789966449,4,0,0.0953519041649997,5,0,0.0949400872923434,2,0,0.695639468263835,2,0,0.729508199961856,1,1,0.131637961836532,0.450822175480425,0.727407337260397,1,341
5,1,0.744820194784552,1,0,0.122427067020908,2,0,0.892393797403201,2,0,0.940362005261704,2,1,0.909527197945863,1,1,0.250830804696307,3,0,0.210959783522412,3,0,0.641658790409565,3,0,0.0947046326473355,5,1,0.771077877609059,3,1,0.0577784632332623,5,0,0.227957213297486,0.118143856525421,0.697237168255536,1,342
2,1,0.567039451329038,3,0,0.898861755616963,6,0,0.991015280829743,3,0,0.728473741328344,6,0,0.416094526648521,2,0,0.797725677490234,4,1,0.579028733773157,1,1,0.293468864867464,6,0,0.644355499185622,6,0,0.820408452535048,1,1,0.841322231804952,3,0,0.908866223180667,0.624194042757154,0.942377587004254,0,343
5,1,0.360787387005985,5,0,0.606550620635971,2,1,0.822447980521247,5,1,0.247171333990991,5,1,0.55443318746984,6,0,0.783274868736044,3,1,0.833902875659987,2,1,0.387360588414595,3,0,0.368320278357714,1,0,0.809113178169355,2,0,0.483612051932141,2,0,0.23401110759005,0.0220130896195769,0.883123968503418,1,344
2,1,0.284619912039489,3,1,0.868941457709298,5,0,0.542986899614334,4,0,0.524391940096393,5,1,0.00700768711976707,6,1,0.68614494195208,4,0,0.171589125180617,3,0,0.597738561686128,5,0,0.490115887951106,1,0,0.790271038655192,2,0,0.648988556116819,1,0,0.00917788967490196,2.3375537712127,2.80369786933685,0,345
5,1,0.519716364797205,6,1,0.307503476506099,1,0,0.970794707536697,2,0,0.488178776577115,1,1,0.00677440245635808,3,1,0.341254156781361,5,1,0.284559911349788,1,1,0.331446293042973,5,0,0.417910518823192,1,1,0.543526873923838,5,0,0.507185952505097,3,1,0.855537156341597,0.0116321025416255,0.23969788290876,0,346
5,1,0.849089799914509,6,0,0.536753040738404,5,0,0.975770442048088,2,1,0.938877984881401,6,1,0.407882964937016,1,0,0.416708622360602,1,0,0.160966939758509,5,0,0.784091238863766,4,1,0.536003746557981,1,1,0.805039079627022,1,0,0.587153887376189,6,0,0.158007198711857,0.22314814850688,0.418816030733834,1,347
5,0,0.138885292690247,5,0,0.201368093723431,4,1,0.0907249778974801,6,0,0.848166610579938,2,1,0.743135836208239,4,0,0.995348954573274,1,1,0.425655146827921,3,0,0.675886687589809,6,1,0.863354932982475,5,1,0.785380159737542,4,0,0.799950916320086,6,0,0.177201505284756,2.84550222568214,3.8756857516154,1,348
1,1,0.77730252337642,5,1,0.7305202500429,1,0,0.268624976510182,5,1,0.413594604237005,1,1,0.191844506189227,5,0,0.67552043334581,4,1,0.966302421409637,2,1,0.682253235485405,6,1,0.248187620658427,2,0,0.939351539360359,6,1,0.128291849745438,5,0,0.377534065628424,0.287992297671735,0.551078039971444,1,349
1,0,0.514619100373238,6,1,0.648861560039222,6,0,0.278527738526464,2,0,0.103407243266702,1,0,0.509648956824094,3,1,0.362285822862759,6,1,0.208826821995899,5,1,0.289320192299783,3,0,0.725712526589632,4,0,0.153658733004704,2,0,0.23516698856838,6,1,0.377750506158918,5.14129269868135,5.66004704672256,1,350
4,1,0.132194048957899,6,1,0.214702301193029,6,1,0.200716870371252,5,0,0.277349202893674,4,0,0.220186635153368,2,1,0.200611364329234,1,0,0.00891654542647302,1,1,0.0711848516948521,3,0,0.435190317686647,2,0,0.425791809568182,4,0,0.700712589547038,3,0,0.806184286717325,1.29997648764402,3.26402018615804,0,351
3,1,0.00435027363710105,3,0,0.61251761415042,6,1,0.970017473911867,3,1,0.69063064805232,1,0,0.352685084333643,1,1,0.647361613344401,6,1,0.295624156715348,2,0,0.829582234844565,5,0,0.451085785636678,2,1,0.0974766344297677,1,0,0.584708397975191,3,1,0.287355758948252,4.88844653591514,6.26164259382041,0,352
2,0,0.31729593500495,1,0,0.0953814908862114,5,1,0.406675984617323,5,0,0.569243312813342,5,0,0.158839324256405,1,0,0.885062614222988,4,1,0.846768293064088,5,0,0.595058874459937,5,0,0.489256436238065,1,0,0.808561899932101,2,0,0.999553587986156,3,1,0.972449109423906,4.47472115047276,5.92744361446999,0,353
2,1,0.0158841938246042,3,0,0.855610034894198,1,0,0.0241602789610624,4,1,0.114293181104586,5,0,0.602734713582322,5,0,0.421798693481833,2,1,0.45340917003341,4,0,0.364996775286272,6,0,0.792724529979751,2,0,0.437829489586875,3,1,0.209942189510912,3,1,0.725215278100222,3.85269802063704,6.66719231740538,0,354
3,1,0.139087579445913,5,0,0.391229140106589,4,1,0.982651877915487,4,1,0.285970671102405,4,1,0.896082124905661,4,1,0.374634842621163,2,0,0.927722973749042,4,1,0.167479450581595,6,1,0.244028281886131,4,1,0.579581333557144,3,1,0.769177100853994,5,0,0.334562250878662,0.333334668539464,0.950683979317546,0,355
1,0,0.862689709523693,5,1,0.0341204812284559,1,0,0.0716936592943966,1,1,0.696078201988712,3,1,0.102709464496002,2,1,0.673007505014539,1,1,0.661232166923583,2,1,0.920123358257115,2,0,0.0460834354162216,5,1,0.299006102606654,6,1,0.625185792800039,3,0,0.987913150573149,7.44201021734625,7.47334716591678,1,356
1,0,0.608211681246758,4,1,0.817132168915123,1,0,0.5081441544462,6,1,0.267677694791928,5,1,0.0729506534989923,2,1,0.418247842928395,5,1,0.730932284845039,1,0,0.918843827676028,3,1,0.203763620462269,1,0,0.964941713260487,2,0,0.0474006871227175,3,0,0.952814926160499,3.17344709765166,3.69391327109995,0,357
3,1,0.0460577653720975,5,1,0.64579344028607,2,0,0.0436624127905816,2,1,0.667312258854508,2,0,0.515956381335855,1,0,0.876342851901427,5,0,0.544916046084836,2,1,0.22872528876178,1,0,0.677551264641806,5,0,0.147082097595558,6,0,0.008436209987849,3,0,0.750484875170514,1.86991505324841,3.24534270398812,0,358
3,1,0.569287466350943,1,1,0.262580437818542,3,1,0.474575232481584,3,0,0.741301221540198,1,1,0.143848081352189,4,0,0.326943857828155,2,1,0.919358117971569,1,1,0.340537347598001,4,0,0.768961467314512,1,0,0.236878956435248,5,1,0.406610162230209,2,1,0.375613937620074,1.38291972689331,2.1782906164697,1,359
4,1,0.306271997047588,6,0,0.00509058055467904,2,1,0.542731101159006,2,0,0.791149752447382,6,1,0.385320626664907,1,0,0.280947147170082,3,0,0.0759594887495041,6,1,0.504528661025688,3,0,0.0782990297302604,3,1,0.392784051131457,5,0,0.671013299608603,5,1,0.1243839149829,1.48630992043763,1.5683750602501,1,360
2,1,0.841200964059681,3,0,0.682984167709947,3,1,0.301177149405703,1,0,0.756024756468832,5,1,0.252383896615356,4,1,0.730291384272277,6,1,0.759488911600783,6,1,0.992088761879131,3,1,0.12141780811362,1,1,0.494116503046826,3,1,0.179128920659423,3,1,0.0625903496984392,0.546040246263146,0.843543282077428,1,361
2,1,0.0985250608064234,4,1,0.915633002063259,3,1,0.378465634537861,5,0,0.954428218770772,4,0,0.235908507369459,5,1,0.116468232590705,4,1,0.717709162738174,2,1,0.154835002264008,2,0,0.58994400431402,5,1,0.329946828773245,3,1,0.747161872917786,5,0,0.192052895436063,7.9095073742792,9.74252142907659,1,362
5,0,0.588656686712056,6,0,0.727847289294004,6,0,0.607563887024298,3,1,0.731334624346346,3,0,0.996749352663755,4,1,0.855849018786103,4,1,0.890741197392344,5,0,0.291585844242945,1,1,0.666538937250152,2,0,0.982885909732431,6,0,0.852426090976223,3,1,0.521162876393646,2.24517739843577,4.15837586679832,1,363
6,0,0.254510877653956,4,0,0.869431415572762,5,0,0.456044553313404,6,1,0.860650504939258,5,1,0.735682241851464,5,0,0.519077838864177,1,1,0.803450011648238,1,0,0.676017771475017,5,0,0.0414790075737983,4,1,0.00870464229956269,2,0,0.687768928473815,4,0,0.796672369819134,1.20373291429132,2.88566627322678,1,364
6,1,0.131700505735353,1,0,0.429763692896813,2,1,0.364777216920629,6,0,0.475612670648843,4,1,0.391958456486464,4,0,0.333775981562212,5,0,0.794614073587582,2,0,0.663088175468147,2,0,0.667953852331266,2,0,0.954372851643711,3,0,0.329902514815331,4,0,0.469748215284199,1.14510778803378,3.88006781658666,0,365
2,1,0.544253851985559,2,1,0.208436209475622,4,0,0.582885280018672,5,0,0.363066266290843,4,0,0.78808091674,5,1,0.929147496819496,1,0,0.0678466495592147,6,0,0.948895376874134,4,1,0.497939942637458,5,0,0.588705023517832,3,1,0.21071611251682,5,0,0.595764569938183,0.987163046374917,1.48057576030443,1,366
4,1,0.631808480946347,6,0,0.472708982648328,2,0,0.52519055409357,4,0,0.593179359799251,4,1,0.909156074048951,4,1,0.645317176589742,2,0,0.841695334296674,5,0,0.312446972820908,2,1,0.707403813721612,4,1,0.63343360228464,3,0,0.902288696728647,1,1,0.135680996347219,0.49724243581295,0.649272696394283,0,367
2,0,0.95431182696484,6,0,0.959224033402279,6,0,0.910761611768976,1,1,0.301177852321416,6,1,0.829388572601601,4,1,0.703584596281871,2,0,0.781612823717296,6,0,0.107342304894701,5,1,0.368815155234188,2,0,0.294372989330441,2,1,0.929166258312762,6,0,0.616343185771257,3.95223696250468,5.32055841574184,1,368
6,0,0.33717024512589,2,0,0.497671251185238,3,0,0.695478888694197,2,0,0.202832706971094,2,1,0.620653886115178,4,0,0.381246542558074,6,1,0.342875748639926,6,0,0.939571762690321,2,0,0.0346590888220817,1,0,0.0550100416876376,6,0,0.920626513892785,2,0,0.53594967443496,2.37738981377333,3.31488246945412,1,369
5,0,0.925341691123322,6,1,0.771036809310317,2,1,0.876760569866747,5,0,0.968833395279944,2,1,0.838330841856077,6,1,0.0874911171849817,5,0,0.476998997386545,3,0,0.522299199830741,5,1,0.09480114816688,5,1,0.0346254373434931,5,0,0.504741039127111,1,1,0.891906728036702,5.48491626977921,9.87584686196204,0,370
2,0,0.094696180196479,3,1,0.977812353521585,6,1,0.546714167343453,2,0,0.609842133009806,6,1,0.573289004154503,6,1,0.545468788594007,3,0,0.823202767642215,3,0,0.197472424479201,3,1,0.586749397451058,6,1,0.28322208323516,2,0,0.318256574450061,3,0,0.475705591961741,0.29843591619283,0.555874007244104,0,371
4,0,0.582313554827124,3,0,0.714421945391223,4,1,0.505731161450967,1,1,0.274547320324928,6,0,0.0258666512090713,1,0,0.0758332444820553,5,0,0.405688394559547,1,1,0.507679303176701,5,0,0.052096476778388,4,1,0.124907531077042,6,1,0.723968199919909,1,0,0.455296079861,0.21554552949965,3.44159850215817,0,372
6,0,0.742853693664074,4,0,0.933067032368854,4,0,0.0996313027571887,5,0,0.702292268397287,3,0,0.389328777557239,6,0,0.774793979711831,3,1,0.105280146934092,2,0,0.0292333716060966,1,1,0.756041907472536,1,1,0.0799445151351392,6,0,0.0923573314212263,4,1,0.968704316299409,7.22051574848592,7.88033180094014,0,373
4,0,0.296197229763493,1,0,0.402179758064449,6,0,0.389416202204302,6,1,0.464905598666519,2,0,0.319891378516331,6,0,0.182553349528462,2,0,0.507614766247571,6,1,0.0269228189717978,6,0,0.865199713967741,6,1,0.0488968065474182,2,0,0.994420775678009,3,1,0.441042078193277,0.0682634999975562,0.775296673333893,0,374
2,1,0.75855331751518,5,1,0.54787391400896,1,0,0.911309490446001,4,0,0.854372045956552,3,0,0.0985598932020366,3,0,0.259884464088827,6,1,0.117219665553421,6,1,0.139952551573515,1,0,0.478669768199325,2,1,0.535031318664551,3,1,0.217286847298965,1,0,0.698412902886048,0.477463589049876,0.691563051114788,1,375
1,0,0.599558290792629,2,1,0.329521445324644,4,1,0.351589511381462,2,1,0.594135508406907,2,0,0.751603103242815,4,0,0.666897503426298,5,0,0.464712737360969,3,0,0.15380290010944,2,0,0.160156244179234,1,1,0.152569147525355,5,0,0.668927981052548,4,0,0.382274651201442,0.913221505470574,0.994916787991921,0,376
3,0,0.99055551411584,2,1,0.62098728492856,5,1,0.409145663259551,3,0,0.203804096207023,3,0,0.751961544156075,4,0,0.798637819476426,3,0,0.946722819237038,5,0,0.26081009185873,6,1,0.46486420952715,4,1,0.114668331108987,5,1,0.314269836060703,5,1,0.313782486831769,1.47306185681373,3.0923398847302,0,377
2,0,0.166398280998692,3,0,0.961267608450726,4,0,0.86737784021534,6,1,0.175791127374396,1,1,0.510019361041486,6,1,0.984020058531314,3,0,0.701541033806279,2,1,0.639267600374296,5,0,0.981301765656099,3,0,0.769833507016301,6,0,0.836189916823059,1,1,0.695057559059933,3.38049745187163,3.70786408687069,1,378
5,0,0.293871502857655,6,1,0.622588109690696,6,0,0.0415936410427094,1,0,0.630914831301197,3,1,0.256547393044457,1,0,0.197560662636533,4,1,0.326406209496781,5,0,0.415031738113612,5,0,0.914376084227115,5,1,0.331591837806627,4,1,0.685853123199195,3,0,0.22193889808841,2.85414000973105,3.69512731174867,1,379
3,0,0.520716530969366,5,0,0.360434986418113,5,1,0.121257363818586,5,0,0.252616054611281,1,1,0.823061955859885,3,0,0.153748117620125,5,0,0.80325676407665,6,1,0.0376418617088348,3,1,0.314257182180882,6,1,0.489047463051975,2,1,0.823658731766045,2,0,0.219163321191445,0.26220188010484,1.05878222190465,0,380
5,1,0.69061154872179,1,1,0.0756774814799428,2,1,0.265228343196213,3,0,0.71374756237492,4,1,0.0141517340671271,6,1,0.729230726603419,5,1,0.213568386388943,1,1,0.959652602672577,3,0,0.935262172948569,5,0,0.842732574325055,6,0,0.955169229535386,4,0,0.0256678089499474,0.147790531627834,0.742796319940295,1,381
6,1,0.898416971089318,1,0,0.137217546580359,1,0,0.766269337851554,5,0,0.196315971435979,1,0,0.776114185806364,3,0,0.625336206983775,2,1,0.449426610022783,6,0,0.0735107115469873,5,1,0.538863526657224,4,1,0.861869291868061,2,0,0.0938505481462926,1,1,0.839984762482345,0.610106042586267,0.705763145673652,1,382
4,0,0.329210849711671,2,1,0.277146600419655,2,1,0.404968292219564,3,0,0.687428956385702,5,0,0.0193545159418136,2,0,0.899852604372427,3,0,0.479980817297474,3,1,0.918669544858858,2,0,0.891425159294158,5,0,0.200589866144583,2,1,0.226744890213013,5,0,0.986412839964032,3.43359808903188,3.962419655743,1,383
5,1,0.320050030015409,4,1,0.171268160222098,2,0,0.290488366037607,2,0,0.866347452625632,2,1,0.274098519701511,4,0,0.957841696217656,6,1,0.142821996239945,5,0,0.0578732416033745,5,1,0.838654272723943,2,1,0.660717410268262,1,0,0.15850618085824,4,0,0.139520112192258,0.32202189322561,0.62016802529494,0,384
1,1,0.473803066648543,1,1,0.75316217681393,4,0,0.0905171458143741,2,0,0.251547331921756,5,0,0.757813880452886,2,0,0.399999614804983,3,1,0.676176743581891,1,0,0.29672992345877,6,0,0.0502282199449837,1,1,0.169183792313561,6,1,0.43629690236412,1,1,0.391230756882578,1.42526486888528,1.97130693560022,1,385
4,1,0.296005069743842,6,1,0.610565094044432,5,0,0.842668905621395,6,0,0.750563225941733,1,0,0.306297017727047,1,0,0.0692563718184829,2,0,0.984773976495489,3,0,0.68478339840658,4,0,0.333157304674387,6,0,0.812689106911421,5,1,0.694906856864691,1,0,0.968354654265568,2.65957415103912,5.03678999516769,0,386
4,0,0.643002405762672,2,1,0.395735680358484,5,0,0.596051143249497,3,0,0.839890693081543,5,0,0.326557522872463,6,1,0.422417639521882,4,0,0.0126883569173515,4,0,0.311540183145553,4,1,0.290391294751316,4,1,0.733250826597214,1,1,0.937770792283118,1,1,0.158746625995263,1.20603700634092,1.5461052612712,0,387
5,1,0.797160554910079,1,1,0.726746228756383,5,1,0.448116620536894,2,1,0.337633376708254,4,1,0.491909526288509,6,1,0.606764477910474,1,0,0.795520986197516,1,1,0.00155652081593871,1,0,0.0218651697505265,6,0,0.0688437023200095,4,0,0.808575939154252,3,1,0.644749350612983,0.441405107267201,0.516406640155561,1,388
3,0,0.825869921362028,1,0,0.575576292350888,4,0,0.290346725843847,3,0,0.467600173782557,2,0,0.358774138847366,1,0,0.503831807523966,5,1,0.248840105487034,6,0,0.733263052767143,5,1,0.315888175740838,1,0,0.88193718995899,4,1,0.510362900327891,4,0,0.375610806280747,0.695709954015911,4.7298402746106,0,389
5,1,0.638712386367843,4,1,0.796572569292039,2,0,0.891403693240136,3,0,0.189969926141202,5,1,0.749748242786154,4,1,0.379209359176457,3,0,0.292040546191856,5,0,0.478060184046626,6,0,0.382789083523676,3,1,0.255760544445366,4,1,0.630095903528854,5,0,0.160012333421037,0.177775858901441,0.720921370666474,0,390
4,0,0.837419800227508,5,1,0.235290644690394,1,1,0.135668735485524,6,1,0.965304518584162,6,0,0.524540508631617,1,1,0.649556783027947,2,1,0.601305508986115,4,1,0.354887978872284,4,0,0.484719240805134,1,0,0.674961438868195,6,0,0.011392313754186,4,0,0.299761569825932,5.31501404475421,5.88431372047323,1,391
3,0,0.674379544332623,5,0,0.296455250354484,6,0,0.421121938852593,6,0,0.594738668529317,1,0,0.174928530119359,5,0,0.889343162532896,5,0,0.096905754879117,3,1,0.348488440504298,1,0,0.938050468685105,2,0,0.702520868508145,4,1,0.403570879017934,2,0,0.17407486634329,1.05818535666913,2.16235894476995,0,392
6,0,0.276765653630719,6,1,0.456275884062052,5,0,0.558933587977663,3,1,0.955176211660728,1,0,0.310314622009173,5,0,0.514828762738034,4,1,0.528269091388211,6,0,0.800308879697695,2,0,0.38407429959625,2,1,0.346337642520666,4,1,0.0404933311510831,1,0,0.78035550378263,1.11796543933451,1.58658109217261,0,393
2,1,0.810438508866355,5,0,0.163722510682419,3,0,0.290631475159898,2,1,0.663135627750307,1,1,0.972788112005219,4,0,0.939223112072796,1,1,0.499082452151924,5,1,0.166192244971171,3,0,0.716246037045494,4,1,0.0351034521590918,1,0,0.889147739857435,3,1,0.335955000016838,0.275681260973215,0.548691468147365,1,394
4,1,0.298950830707327,6,1,0.695969206979498,2,1,0.902704177889973,5,1,0.108802371658385,3,0,0.782520967070013,6,1,0.187357094837353,5,1,0.929238664451987,4,1,0.234338713809848,6,1,0.257991864578798,3,0,0.442269551800564,5,1,0.957155663985759,5,0,0.734348254278302,1.6364554176107,1.82264624920988,0,395
2,0,0.45683872140944,1,0,0.0632946065161377,1,0,0.684445730410516,2,1,0.394593275152147,6,1,0.400084468536079,6,1,0.288947554305196,4,1,0.0843867545481771,4,0,0.118577810004354,6,1,0.184458915842697,3,1,0.985172709217295,4,0,0.976307449862361,3,0,0.784063865197822,0.329555128701031,3.66530578555998,1,396
2,1,0.321288927225396,1,0,0.300668177893385,1,0,0.155982109485194,2,1,0.567630744772032,4,1,0.682878465624526,5,0,0.360530256526545,4,1,0.962999780429527,4,0,0.0589107091072947,1,1,0.342930801678449,5,1,0.232921642484143,6,0,0.187690853141248,3,0,0.310623884666711,1.14783435128629,1.84989244754737,0,397
4,0,0.00738191208802164,2,0,0.114121385617182,2,1,0.513112953864038,2,1,0.485400526085868,2,1,0.0822706534527242,4,0,0.461742193438113,3,0,0.410957931773737,5,0,0.476956824306399,4,0,0.231635423144326,1,0,0.900931103853509,1,0,0.324911058181897,3,0,0.675921214977279,3.21591133251786,3.49452165346374,1,398
3,0,0.909716414986178,4,1,0.387743089348078,1,0,0.0803176546469331,2,1,0.485403141006827,2,0,0.455856034997851,4,0,0.933485412970185,1,1,0.581889310153201,2,1,0.444362271111459,6,0,0.804131604963914,1,0,0.318653380032629,1,1,0.0302984851878136,1,1,0.303792683407664,11.009888490662,11.2495271618353,1,399
1,0,0.768987016519532,2,1,0.183022358454764,5,0,0.760240172501653,5,0,0.383381872205064,5,1,0.549457734450698,4,1,0.472106434637681,6,1,0.524241240229458,2,1,0.383512301603332,2,1,0.48568092356436,1,0,0.791750127682462,2,1,0.467201391467825,1,1,0.456933327484876,3.31106467638165,4.60814059067032,1,400
